{"words_hor":[{"word":"Frames","x":0,"y":0,"id":1,"info":"Mirror borders","savedValue":"FRAMES","desc":"Mirror borders","meta":"      "},{"word":"sendup","x":7,"y":0,"id":5,"info":"Make fun of, parody (4,2)","savedValue":"SENDUP","desc":"Make fun of, parody (4,2)","meta":"      "},{"word":"apes","x":0,"y":2,"id":8,"info":"Imitates.","savedValue":"APES","desc":"Imitates.","meta":"    "},{"word":"ornate","x":7,"y":2,"id":9,"info":"Elaborately adorned.","savedValue":"ORNATE","desc":"Elaborately adorned.","meta":"      "},{"word":"enter","x":3,"y":3,"id":10,"info":"Come in.","savedValue":"ENTER","desc":"Come in.","meta":"     "},{"word":"moss","x":0,"y":4,"id":11,"info":"Creeping low plant.","savedValue":"MOSS","desc":"Creeping low plant.","meta":"    "},{"word":"Take","x":9,"y":4,"id":12,"info":"Remove.","savedValue":"TAKE","desc":"Remove.","meta":"    "},{"word":"Merino","x":4,"y":5,"id":13,"info":"White sheep originating in Spain.","savedValue":"MERINO","desc":"White sheep originating in Spain.","meta":"      "},{"word":"Cent","x":0,"y":6,"id":15,"info":"One-hundredth of a dollar.","savedValue":"CENT","desc":"One-hundredth of a dollar.","meta":"    "},{"word":"Puss","x":9,"y":6,"id":17,"info":"Informal name for a cat.","savedValue":"PUSS","desc":"Informal name for a cat.","meta":"    "},{"word":"Amount","x":3,"y":7,"id":19,"info":"Quantity.","savedValue":"AMOUNT","desc":"Quantity.","meta":"      "},{"word":"Bear","x":0,"y":8,"id":20,"info":"Mammal with a long coat and strong claws.","savedValue":"BEAR","desc":"Mammal with a long coat and strong claws.","meta":"    "},{"word":"Edam","x":9,"y":8,"id":21,"info":"Mild yellow Dutch cheese.","savedValue":"EDAM","desc":"Mild yellow Dutch cheese.","meta":"    "},{"word":"Media","x":5,"y":9,"id":22,"info":"Means for communicating information.","savedValue":"MEDIA","desc":"Means for communicating information.","meta":"     "},{"word":"Calico","x":0,"y":10,"id":24,"info":"Coarse cloth.","savedValue":"CALICO","desc":"Coarse cloth.","meta":"      "},{"word":"Vile","x":9,"y":10,"id":25,"info":"Foul or loathsome.","savedValue":"VILE","desc":"Foul or loathsome.","meta":"    "},{"word":"Etches","x":0,"y":12,"id":26,"info":"Engraves with acid.","savedValue":"ETCHES","desc":"Engraves with acid.","meta":"      "},{"word":"Pastry","x":7,"y":12,"id":27,"info":"Dough of flour, water and shortening.","savedValue":"PASTRY","desc":"Dough of flour, water and shortening.","meta":"      "}],"words_ver":[{"word":"reprove","x":1,"y":0,"id":2,"info":"Admonish.","savedValue":"REPROVE","desc":"Admonish.","meta":"       "},{"word":"moses","x":3,"y":0,"id":3,"info":"Old Testament prophet.","savedValue":"MOSES","desc":"Old Testament prophet.","meta":"     "},{"word":"sent","x":5,"y":0,"id":4,"info":"Despatched.","savedValue":"SENT","desc":"Despatched.","meta":"    "},{"word":"scorpion","x":7,"y":0,"id":5,"info":"Arachnid with sting in the tail.","savedValue":"SCORPION","desc":"Arachnid with sting in the tail.","meta":"        "},{"word":"nonstop","x":9,"y":0,"id":6,"info":"Without taking a break (3-4)","savedValue":"NONSTOP","desc":"Without taking a break (3-4)","meta":"       "},{"word":"prefers","x":12,"y":0,"id":7,"info":"Likes better.","savedValue":"PREFERS","desc":"Likes better.","meta":"       "},{"word":"enormous","x":5,"y":5,"id":14,"info":"Gigantic.","savedValue":"ENORMOUS","desc":"Gigantic.","meta":"        "},{"word":"cubicle","x":0,"y":6,"id":15,"info":"Booth.","savedValue":"CUBICLE","desc":"Booth.","meta":"       "},{"word":"tarnish","x":3,"y":6,"id":16,"info":"Discolour, usually with use or wear.","savedValue":"TARNISH","desc":"Discolour, usually with use or wear.","meta":"       "},{"word":"stapler","x":11,"y":6,"id":18,"info":"Machine that inserts metal fasteners into sheets of paper.","savedValue":"STAPLER","desc":"Machine that inserts metal fasteners into sheets of paper.","meta":"       "},{"word":"eaves","x":9,"y":8,"id":21,"info":"Projecting edge of a roof.","savedValue":"EAVES","desc":"Projecting edge of a roof.","meta":"     "},{"word":"Damp","x":7,"y":9,"id":23,"info":"Slightly wet.","savedValue":"DAMP","desc":"Slightly wet.","meta":"    "}],"hints":0,"isNew":false,"isSolved":true,"name":"1","percentage":100,"seconds":1375,"solvedCount":30}