{"words_hor":[{"word":"stardom","x":0,"y":0,"id":1,"info":"Fame","savedValue":"STARDOM","desc":"Fame","meta":"       "},{"word":"befit","x":8,"y":0,"id":5,"info":"Accord or comport with","savedValue":"BEFIT","desc":"Accord or comport with","meta":"     "},{"word":"ear","x":0,"y":2,"id":8,"info":"Listening organ","savedValue":"EAR","desc":"Listening organ","meta":"   "},{"word":"shangrila","x":4,"y":2,"id":9,"info":"Place of complete bliss(7-2)","savedValue":"SHANGRILA","desc":"Place of complete bliss(7-2)","meta":"         "},{"word":"shake","x":0,"y":4,"id":10,"info":"Judder","savedValue":"SHAKE","desc":"Judder","meta":"     "},{"word":"hiss","x":9,"y":4,"id":12,"info":"Expression of dislike","savedValue":"HISS","desc":"Expression of dislike","meta":"    "},{"word":"dotage","x":4,"y":5,"id":13,"info":"Senility","savedValue":"DOTAGE","desc":"Senility","meta":"      "},{"word":"nuts","x":0,"y":6,"id":15,"info":"Hard fruits","savedValue":"NUTS","desc":"Hard fruits","meta":"    "},{"word":"news","x":9,"y":6,"id":17,"info":"Information reported in the papers","savedValue":"NEWS","desc":"Information reported in the papers","meta":"    "},{"word":"thrash","x":3,"y":7,"id":20,"info":"Beat hard","savedValue":"THRASH","desc":"Beat hard","meta":"      "},{"word":"cafe","x":0,"y":8,"id":22,"info":"Coffee shop","savedValue":"CAFE","desc":"Coffee shop","meta":"    "},{"word":"award","x":8,"y":8,"id":23,"info":"Accolade","savedValue":"AWARD","desc":"Accolade","meta":"     "},{"word":"enciphers","x":0,"y":10,"id":25,"info":"Converts ordinary language into code","savedValue":"ENCIPHERS","desc":"Converts ordinary language into code","meta":"         "},{"word":"ice","x":10,"y":10,"id":26,"info":"Coat a cake with sugar","savedValue":"ICE","desc":"Coat a cake with sugar","meta":"   "},{"word":"pixel","x":0,"y":12,"id":27,"info":"Dot on a computer screen","savedValue":"PIXEL","desc":"Dot on a computer screen","meta":"     "},{"word":"ageless","x":6,"y":12,"id":28,"info":"Continuing forever or indefinitely","savedValue":"AGELESS","desc":"Continuing forever or indefinitely","meta":"       "}],"words_ver":[{"word":"stepson","x":0,"y":0,"id":1,"info":"Male child of your spouse and a former partner","savedValue":"STEPSON","desc":"Male child of your spouse and a former partner","meta":"       "},{"word":"abreast","x":2,"y":0,"id":2,"info":"Alongside each other","savedValue":"ABREAST","desc":"Alongside each other","meta":"       "},{"word":"dashed","x":4,"y":0,"id":3,"info":"Darted","savedValue":"DASHED","desc":"Darted","meta":"      "},{"word":"Mead","x":6,"y":0,"id":4,"info":"Drink of fermented honey and water","savedValue":"MEAD","desc":"Drink of fermented honey and water","meta":"    "},{"word":"earthen","x":9,"y":0,"id":6,"info":"Made of clay","savedValue":"EARTHEN","desc":"Made of clay","meta":"       "},{"word":"traps","x":12,"y":0,"id":7,"info":"Snares","savedValue":"TRAPS","desc":"Snares","meta":"     "},{"word":"cans","x":7,"y":4,"id":11,"info":"Metal food containers","savedValue":"CANS","desc":"Metal food containers","meta":"    "},{"word":"ours","x":5,"y":5,"id":14,"info":"Belonging to us","savedValue":"OURS","desc":"Belonging to us","meta":"    "},{"word":"sterile","x":3,"y":6,"id":16,"info":"Aseptic","savedValue":"STERILE","desc":"Aseptic","meta":"       "},{"word":"examine","x":10,"y":6,"id":18,"info":"Consider in detail","savedValue":"EXAMINE","desc":"Consider in detail","meta":"       "},{"word":"sadness","x":12,"y":6,"id":19,"info":"Sorrow","savedValue":"SADNESS","desc":"Sorrow","meta":"       "},{"word":"hassle","x":8,"y":7,"id":21,"info":"Bother","savedValue":"HASSLE","desc":"Bother","meta":"      "},{"word":"creep","x":0,"y":8,"id":22,"info":"Grovel","savedValue":"CREEP","desc":"Grovel","meta":"     "},{"word":"beta","x":6,"y":9,"id":24,"info":"Greek letter","savedValue":"BETA","desc":"Greek letter","meta":"    "}],"hints":0,"isNew":false,"isSolved":true,"name":"10","percentage":100,"seconds":877,"solvedCount":30}