{"words_hor":[{"word":"tariff","x":0,"y":0,"id":1,"info":"List of fixed charges","savedValue":"TARIFF","desc":"List of fixed charges","meta":"      "},{"word":"evenly","x":7,"y":0,"id":3,"info":"In a level and regular way","savedValue":"EVENLY","desc":"In a level and regular way","meta":"      "},{"word":"incongruous","x":0,"y":2,"id":7,"info":"Lacking in harmony, compatibility or appropriateness","savedValue":"INCONGRUOUS","desc":"Lacking in harmony, compatibility or appropriateness","meta":"           "},{"word":"original","x":0,"y":4,"id":10,"info":"Master copy","savedValue":"ORIGINAL","desc":"Master copy","meta":"        "},{"word":"size","x":9,"y":4,"id":11,"info":"Physical magnitude of a thing","savedValue":"SIZE","desc":"Physical magnitude of a thing","meta":"    "},{"word":"lathe","x":1,"y":6,"id":13,"info":"Metal-shaping machine","savedValue":"LATHE","desc":"Metal-shaping machine","meta":"     "},{"word":"latte","x":7,"y":6,"id":14,"info":"Espresso coffee with milk","savedValue":"LATTE","desc":"Espresso coffee with milk","meta":"     "},{"word":"iota","x":0,"y":8,"id":18,"info":"The smallest quantity","savedValue":"IOTA","desc":"The smallest quantity","meta":"    "},{"word":"platelet","x":5,"y":8,"id":19,"info":"Tiny particle found in blood, essential for clotting","savedValue":"PLATELET","desc":"Tiny particle found in blood, essential for clotting","meta":"        "},{"word":"chamberlain","x":2,"y":10,"id":21,"info":"Former British primi minister, Neville ... (1869-1940)","savedValue":"CHAMBERLAIN","desc":"Former British primi minister, Neville ... (1869-1940)","meta":"           "},{"word":"chapel","x":0,"y":12,"id":22,"info":"Place of worship","savedValue":"CHAPEL","desc":"Place of worship","meta":"      "},{"word":"enrich","x":7,"y":12,"id":23,"info":"Improve in quality","savedValue":"ENRICH","desc":"Improve in quality","meta":"      "}],"words_ver":[{"word":"tailor","x":0,"y":0,"id":1,"info":"Maker and alterer of garments","savedValue":"TAILOR","desc":"Maker and alterer of garments","meta":"      "},{"word":"fanlight","x":4,"y":0,"id":2,"info":"Transom window","savedValue":"FANLIGHT","desc":"Transom window","meta":"        "},{"word":"viol","x":8,"y":0,"id":4,"info":"Bowed stringed instrument","savedValue":"VIOL","desc":"Bowed stringed instrument","meta":"    "},{"word":"yippee","x":12,"y":0,"id":5,"info":"Exclamation of joy or victory","savedValue":"YIPPEE","desc":"Exclamation of joy or victory","meta":"      "},{"word":"dream","x":6,"y":1,"id":6,"info":"Aspiration","savedValue":"DREAM","desc":"Aspiration","meta":"     "},{"word":"climactic","x":2,"y":2,"id":8,"info":"Causing a concluding action","savedValue":"CLIMACTIC","desc":"Causing a concluding action","meta":"         "},{"word":"scintilla","x":10,"y":2,"id":9,"info":"Scarcely detectable amount","savedValue":"SCINTILLA","desc":"Scarcely detectable amount","meta":"         "},{"word":"castiron","x":8,"y":5,"id":12,"info":"Extremely robust (4-4)","savedValue":"CASTIRON","desc":"Extremely robust (4-4)","meta":"        "},{"word":"picnic","x":0,"y":7,"id":15,"info":"Informal meal eaten outside","savedValue":"PICNIC","desc":"Informal meal eaten outside","meta":"      "},{"word":"alibi","x":6,"y":7,"id":16,"info":"Defence plea of being elsewhere","savedValue":"ALIBI","desc":"Defence plea of being elsewhere","meta":"     "},{"word":"stench","x":12,"y":7,"id":17,"info":"Stink","savedValue":"STENCH","desc":"Stink","meta":"      "},{"word":"made","x":4,"y":9,"id":20,"info":"Manufactured","savedValue":"MADE","desc":"Manufactured","meta":"    "}],"hints":0,"isNew":false,"isSolved":true,"name":"11","percentage":100,"seconds":1486,"solvedCount":24}