{"words_hor":[{"word":"suspend","x":0,"y":0,"id":1,"info":"Hang freely","savedValue":"SUSPEND","desc":"Hang freely","meta":"       "},{"word":"abalone","x":6,"y":1,"id":8,"info":"Edible shellfish","savedValue":"ABALONE","desc":"Edible shellfish","meta":"       "},{"word":"italics","x":0,"y":2,"id":9,"info":"Slanted letters","savedValue":"ITALICS","desc":"Slanted letters","meta":"       "},{"word":"calves","x":0,"y":4,"id":10,"info":"Young cattle","savedValue":"CALVES","desc":"Young cattle","meta":"      "},{"word":"soiree","x":7,"y":4,"id":12,"info":"Private party in the evening","savedValue":"SOIREE","desc":"Private party in the evening","meta":"      "},{"word":"awkwardness","x":1,"y":6,"id":13,"info":"Unskillfulness resulting from a lack of training","savedValue":"AWKWARDNESS","desc":"Unskillfulness resulting from a lack of training","meta":"           "},{"word":"abroad","x":0,"y":8,"id":17,"info":"In a foreign country","savedValue":"ABROAD","desc":"In a foreign country","meta":"      "},{"word":"nodule","x":7,"y":8,"id":20,"info":"Tubercle","savedValue":"NODULE","desc":"Tubercle","meta":"      "},{"word":"dungeon","x":6,"y":10,"id":23,"info":"Castle cellar","savedValue":"DUNGEON","desc":"Castle cellar","meta":"       "},{"word":"earlobe","x":0,"y":11,"id":24,"info":"Fleshy pendulous part of the hearing organ","savedValue":"EARLOBE","desc":"Fleshy pendulous part of the hearing organ","meta":"       "},{"word":"airless","x":6,"y":12,"id":25,"info":"Lacking freshness (atmosphere)","savedValue":"AIRLESS","desc":"Lacking freshness (atmosphere)","meta":"       "}],"words_ver":[{"word":"switch","x":0,"y":0,"id":1,"info":"Changeover","savedValue":"SWITCH","desc":"Changeover","meta":"      "},{"word":"swallow","x":2,"y":0,"id":2,"info":"Engulf or subsume","savedValue":"SWALLOW","desc":"Engulf or subsume","meta":"       "},{"word":"exile","x":4,"y":0,"id":3,"info":"Deport from a country","savedValue":"EXILE","desc":"Deport from a country","meta":"     "},{"word":"dash","x":6,"y":0,"id":4,"info":"Move with great haste","savedValue":"DASH","desc":"Move with great haste","meta":"    "},{"word":"garbo","x":8,"y":0,"id":5,"info":"Greta ..., film star (1905-1990)","savedValue":"GARBO","desc":"Greta ..., film star (1905-1990)","meta":"     "},{"word":"bower","x":10,"y":0,"id":6,"info":"Climbing plant supporter","savedValue":"BOWER","desc":"Climbing plant supporter","meta":"     "},{"word":"beaker","x":12,"y":0,"id":7,"info":"Cup without handle","savedValue":"BEAKER","desc":"Cup without handle","meta":"      "},{"word":"scald","x":5,"y":4,"id":11,"info":"Burn with steam","savedValue":"SCALD","desc":"Burn with steam","meta":"     "},{"word":"sedan","x":7,"y":4,"id":12,"info":"Chair used as a carriage","savedValue":"SEDAN","desc":"Chair used as a carriage","meta":"     "},{"word":"squeeze","x":10,"y":6,"id":14,"info":"Compress","savedValue":"SQUEEZE","desc":"Compress","meta":"       "},{"word":"backer","x":0,"y":7,"id":15,"info":"Sponsor, investor","savedValue":"BACKER","desc":"Sponsor, investor","meta":"      "},{"word":"tennis","x":12,"y":7,"id":16,"info":"Court game","savedValue":"TENNIS","desc":"Court game","meta":"      "},{"word":"retro","x":2,"y":8,"id":18,"info":"Fashion reminiscent of the past","savedValue":"RETRO","desc":"Fashion reminiscent of the past","meta":"     "},{"word":"abbot","x":4,"y":8,"id":19,"info":"Chief monk","savedValue":"ABBOT","desc":"Chief monk","meta":"     "},{"word":"owner","x":8,"y":8,"id":21,"info":"Possessor","savedValue":"OWNER","desc":"Possessor","meta":"     "},{"word":"idea","x":6,"y":9,"id":22,"info":"Approximation of quantity, degree or worth","savedValue":"IDEA","desc":"Approximation of quantity, degree or worth","meta":"    "}],"hints":0,"isNew":false,"isSolved":true,"name":"12","percentage":100,"seconds":1349,"solvedCount":27}