{"words_hor":[{"word":"foresee","x":0,"y":0,"id":1,"info":"Anticipate","savedValue":"FORESEE","desc":"Anticipate","meta":"       "},{"word":"wapiti","x":7,"y":1,"id":7,"info":"Large North American deer","savedValue":"WAPITI","desc":"Large North American deer","meta":"      "},{"word":"stamina","x":0,"y":3,"id":9,"info":"Enduring strength and energy","savedValue":"STAMINA","desc":"Enduring strength and energy","meta":"       "},{"word":"above","x":8,"y":3,"id":10,"info":"Appearing earlier in the same text","savedValue":"ABOVE","desc":"Appearing earlier in the same text","meta":"     "},{"word":"even","x":0,"y":5,"id":11,"info":"Divisible by two","savedValue":"EVEN","desc":"Divisible by two","meta":"    "},{"word":"deter","x":5,"y":5,"id":12,"info":"Discourage","savedValue":"DETER","desc":"Discourage","meta":"     "},{"word":"groom","x":3,"y":7,"id":16,"info":"Bride's partner","savedValue":"GROOM","desc":"Bride's partner","meta":"     "},{"word":"peso","x":9,"y":7,"id":17,"info":"Basic monetary unit of Mexico","savedValue":"PESO","desc":"Basic monetary unit of Mexico","meta":"    "},{"word":"exalt","x":0,"y":9,"id":21,"info":"Glorify","savedValue":"EXALT","desc":"Glorify","meta":"     "},{"word":"scarlet","x":6,"y":9,"id":22,"info":"Blood-red","savedValue":"SCARLET","desc":"Blood-red","meta":"       "},{"word":"sobbed","x":0,"y":11,"id":23,"info":"Wept convulsively","savedValue":"SOBBED","desc":"Wept convulsively","meta":"      "},{"word":"project","x":6,"y":12,"id":24,"info":"Planned undertaking","savedValue":"PROJECT","desc":"Planned undertaking","meta":"       "}],"words_ver":[{"word":"fluster","x":0,"y":0,"id":1,"info":"Cause to be nervous or upset","savedValue":"FLUSTER","desc":"Cause to be nervous or upset","meta":"       "},{"word":"relaxed","x":2,"y":0,"id":2,"info":"Slackened","savedValue":"RELAXED","desc":"Slackened","meta":"       "},{"word":"satin","x":4,"y":0,"id":3,"info":"Smooth fabric","savedValue":"SATIN","desc":"Smooth fabric","meta":"     "},{"word":"caramel","x":8,"y":0,"id":4,"info":"Firm chewy sweets","savedValue":"CARAMEL","desc":"Firm chewy sweets","meta":"       "},{"word":"divot","x":10,"y":0,"id":5,"info":"Piece of turf dug out of a lawn","savedValue":"DIVOT","desc":"Piece of turf dug out of a lawn","meta":"     "},{"word":"given","x":12,"y":0,"id":6,"info":"Donated","savedValue":"GIVEN","desc":"Donated","meta":"     "},{"word":"warehouse","x":6,"y":2,"id":8,"info":"Store for goods and merchandise","savedValue":"WAREHOUSE","desc":"Store for goods and merchandise","meta":"         "},{"word":"pretzel","x":4,"y":6,"id":13,"info":"Glazed and salted cracker","savedValue":"PRETZEL","desc":"Glazed and salted cracker","meta":"       "},{"word":"declare","x":10,"y":6,"id":14,"info":"State emphatically and authoritatively","savedValue":"DECLARE","desc":"State emphatically and authoritatively","meta":"       "},{"word":"content","x":12,"y":6,"id":15,"info":"Satisfied","savedValue":"CONTENT","desc":"Satisfied","meta":"       "},{"word":"tease","x":0,"y":8,"id":18,"info":"Banter","savedValue":"TEASE","desc":"Banter","meta":"     "},{"word":"samba","x":2,"y":8,"id":19,"info":"Lively ballroom dance from Brazil","savedValue":"SAMBA","desc":"Lively ballroom dance from Brazil","meta":"     "},{"word":"largo","x":8,"y":8,"id":20,"info":"Key ..., 1948 film","savedValue":"LARGO","desc":"Key ..., 1948 film","meta":"     "}],"hints":0,"isNew":false,"isSolved":true,"name":"13","percentage":100,"seconds":1464,"solvedCount":25}