{"words_hor":[{"word":"brazen","x":0,"y":0,"id":1,"info":"Audacious","savedValue":"BRAZEN","desc":"Audacious","meta":"      "},{"word":"lactic","x":7,"y":0,"id":4,"info":"Acid found in milk","savedValue":"LACTIC","desc":"Acid found in milk","meta":"      "},{"word":"avarice","x":0,"y":2,"id":9,"info":"Greed","savedValue":"AVARICE","desc":"Greed","meta":"       "},{"word":"stature","x":6,"y":3,"id":10,"info":"Natural height of a person","savedValue":"STATURE","desc":"Natural height of a person","meta":"       "},{"word":"evade","x":0,"y":4,"id":11,"info":"Circumvent","savedValue":"EVADE","desc":"Circumvent","meta":"     "},{"word":"class","x":8,"y":5,"id":12,"info":"Caste","savedValue":"CLASS","desc":"Caste","meta":"     "},{"word":"spree","x":4,"y":6,"id":14,"info":"Bout, period of indulgence","savedValue":"SPREE","desc":"Bout, period of indulgence","meta":"     "},{"word":"chest","x":0,"y":7,"id":15,"info":"Large box with a lid","savedValue":"CHEST","desc":"Large box with a lid","meta":"     "},{"word":"chase","x":8,"y":8,"id":17,"info":"Go after with the intent to catch","savedValue":"CHASE","desc":"Go after with the intent to catch","meta":"     "},{"word":"martini","x":0,"y":9,"id":18,"info":"Cocktail of vermouth and gin","savedValue":"MARTINI","desc":"Cocktail of vermouth and gin","meta":"       "},{"word":"orifice","x":6,"y":10,"id":20,"info":"Opening","savedValue":"ORIFICE","desc":"Opening","meta":"       "},{"word":"tirade","x":0,"y":12,"id":21,"info":"Violent denunciation","savedValue":"TIRADE","desc":"Violent denunciation","meta":"      "},{"word":"facets","x":7,"y":12,"id":22,"info":"Surfaces of a cut gemstone","savedValue":"FACETS","desc":"Surfaces of a cut gemstone","meta":"      "}],"words_ver":[{"word":"blamed","x":0,"y":0,"id":1,"info":"Attributed responsibility to","savedValue":"BLAMED","desc":"Attributed responsibility to","meta":"      "},{"word":"alacarte","x":2,"y":0,"id":2,"info":"Menu having individual dishes listed (1,2,5)","savedValue":"ALACARTE","desc":"Menu having individual dishes listed (1,2,5)","meta":"        "},{"word":"elite","x":4,"y":0,"id":3,"info":"Select group","savedValue":"ELITE","desc":"Select group","meta":"     "},{"word":"advance","x":8,"y":0,"id":5,"info":"Approach","savedValue":"ADVANCE","desc":"Approach","meta":"       "},{"word":"thou","x":10,"y":0,"id":6,"info":"Archaic form of the word 'you'","savedValue":"THOU","desc":"Archaic form of the word 'you'","meta":"    "},{"word":"capers","x":12,"y":0,"id":7,"info":"Frolics","savedValue":"CAPERS","desc":"Frolics","meta":"      "},{"word":"respiration","x":6,"y":1,"id":8,"info":"Complete act of breathing in and out","savedValue":"RESPIRATION","desc":"Complete act of breathing in and out","meta":"           "},{"word":"abrasive","x":10,"y":5,"id":13,"info":"Rough","savedValue":"ABRASIVE","desc":"Rough","meta":"        "},{"word":"striped","x":4,"y":6,"id":14,"info":"Banded with pieces of contrasting colour","savedValue":"STRIPED","desc":"Banded with pieces of contrasting colour","meta":"       "},{"word":"cement","x":0,"y":7,"id":15,"info":"Constituent of concrete","savedValue":"CEMENT","desc":"Constituent of concrete","meta":"      "},{"word":"recess","x":12,"y":7,"id":16,"info":"Area set back or indented","savedValue":"RECESS","desc":"Area set back or indented","meta":"      "},{"word":"china","x":8,"y":8,"id":17,"info":"Country, capital Beijing","savedValue":"CHINA","desc":"Country, capital Beijing","meta":"     "},{"word":"roar","x":2,"y":9,"id":19,"info":"Bellow","savedValue":"ROAR","desc":"Bellow","meta":"    "}],"hints":0,"isNew":false,"isSolved":true,"name":"14","percentage":100,"seconds":1223,"solvedCount":26}