{"words_hor":[{"word":"tutor","x":0,"y":0,"id":1,"info":"Coach","savedValue":"TUTOR","desc":"Coach","meta":"     "},{"word":"flaccid","x":6,"y":0,"id":4,"info":"Limp, flabby","savedValue":"FLACCID","desc":"Limp, flabby","meta":"       "},{"word":"consign","x":0,"y":2,"id":8,"info":"Give over to another for safekeeping","savedValue":"CONSIGN","desc":"Give over to another for safekeeping","meta":"       "},{"word":"banjo","x":8,"y":2,"id":9,"info":"Five-stringed instrument","savedValue":"BANJO","desc":"Five-stringed instrument","meta":"     "},{"word":"saute","x":0,"y":4,"id":10,"info":"Fry quickly over a high heat","savedValue":"SAUTE","desc":"Fry quickly over a high heat","meta":"     "},{"word":"survive","x":6,"y":4,"id":11,"info":"Continue to live, despite adversity","savedValue":"SURVIVE","desc":"Continue to live, despite adversity","meta":"       "},{"word":"petite","x":0,"y":6,"id":12,"info":"Very small","savedValue":"PETITE","desc":"Very small","meta":"      "},{"word":"assure","x":7,"y":6,"id":13,"info":"Make certain of","savedValue":"ASSURE","desc":"Make certain of","meta":"      "},{"word":"stipend","x":0,"y":8,"id":16,"info":"Clergyman's salary","savedValue":"STIPEND","desc":"Clergyman's salary","meta":"       "},{"word":"psalm","x":8,"y":8,"id":18,"info":"Religious song","savedValue":"PSALM","desc":"Religious song","meta":"     "},{"word":"extra","x":0,"y":10,"id":20,"info":"Additional","savedValue":"EXTRA","desc":"Additional","meta":"     "},{"word":"opinion","x":6,"y":10,"id":21,"info":"Personal belief or judgement","savedValue":"OPINION","desc":"Personal belief or judgement","meta":"       "},{"word":"surplus","x":0,"y":12,"id":22,"info":"Excess of revenue over expenditure","savedValue":"SURPLUS","desc":"Excess of revenue over expenditure","meta":"       "},{"word":"genus","x":8,"y":12,"id":23,"info":"Group containing one or more species","savedValue":"GENUS","desc":"Group containing one or more species","meta":"     "}],"words_ver":[{"word":"ticks","x":0,"y":0,"id":1,"info":"Check marks","savedValue":"TICKS","desc":"Check marks","meta":"     "},{"word":"tonguetwister","x":2,"y":0,"id":2,"info":"Expression that is difficult to articulate clearly (6,7)","savedValue":"TONGUETWISTER","desc":"Expression that is difficult to articulate clearly (6,7)","meta":"             "},{"word":"raiment","x":4,"y":0,"id":3,"info":"Apparel","savedValue":"RAIMENT","desc":"Apparel","meta":"       "},{"word":"finish","x":6,"y":0,"id":4,"info":"Polish off","savedValue":"FINISH","desc":"Polish off","meta":"      "},{"word":"amber","x":8,"y":0,"id":5,"info":"Deep yellow colour","savedValue":"AMBER","desc":"Deep yellow colour","meta":"     "},{"word":"configuration","x":10,"y":0,"id":6,"info":"Arrangement of parts or elements","savedValue":"CONFIGURATION","desc":"Arrangement of parts or elements","meta":"             "},{"word":"diocese","x":12,"y":0,"id":7,"info":"Bishopric","savedValue":"DIOCESE","desc":"Bishopric","meta":"       "},{"word":"possess","x":0,"y":6,"id":12,"info":"Have","savedValue":"POSSESS","desc":"Have","meta":"       "},{"word":"sapling","x":8,"y":6,"id":14,"info":"Young tree","savedValue":"SAPLING","desc":"Young tree","meta":"       "},{"word":"odious","x":6,"y":7,"id":15,"info":"Abominable","savedValue":"ODIOUS","desc":"Abominable","meta":"      "},{"word":"email","x":4,"y":8,"id":17,"info":"Electronic message","savedValue":"EMAIL","desc":"Electronic message","meta":"     "},{"word":"minus","x":12,"y":8,"id":19,"info":"Subtraction sign","savedValue":"MINUS","desc":"Subtraction sign","meta":"     "}],"hints":0,"isNew":false,"isSolved":true,"name":"15","percentage":100,"seconds":1119,"solvedCount":26}