{"words_hor":[{"word":"maintenance","x":1,"y":0,"id":1,"info":"Care, upkeep","savedValue":"MAINTENANCE","desc":"Care, upkeep","meta":"           "},{"word":"scope","x":4,"y":2,"id":9,"info":"Ambit","savedValue":"SCOPE","desc":"Ambit","meta":"     "},{"word":"vim","x":10,"y":2,"id":10,"info":"Vigour","savedValue":"VIM","desc":"Vigour","meta":"   "},{"word":"motet","x":0,"y":3,"id":11,"info":"Anthem","savedValue":"MOTET","desc":"Anthem","meta":"     "},{"word":"dirge","x":8,"y":4,"id":12,"info":"Funeral lament","savedValue":"DIRGE","desc":"Funeral lament","meta":"     "},{"word":"sunlight","x":0,"y":5,"id":13,"info":"Natural source of illumination","savedValue":"SUNLIGHT","desc":"Natural source of illumination","meta":"        "},{"word":"srilanka","x":5,"y":7,"id":16,"info":"Country formerly known as Ceylon (3,5)","savedValue":"SRILANKA","desc":"Country formerly known as Ceylon (3,5)","meta":"        "},{"word":"costs","x":0,"y":8,"id":18,"info":"___ and benefits","savedValue":"COSTS","desc":"___ and benefits","meta":"     "},{"word":"noone","x":8,"y":9,"id":21,"info":"Not a single person (2-3)","savedValue":"NOONE","desc":"Not a single person (2-3)","meta":"     "},{"word":"tea","x":0,"y":10,"id":22,"info":"Afternoon meal","savedValue":"TEA","desc":"Afternoon meal","meta":"   "},{"word":"seine","x":4,"y":10,"id":23,"info":"River which flows through Paris","savedValue":"SEINE","desc":"River which flows through Paris","meta":"     "},{"word":"welldressed","x":1,"y":12,"id":24,"info":"Having tasteful clothing and being neat (4-7)","savedValue":"WELLDRESSED","desc":"Having tasteful clothing and being neat (4-7)","meta":"           "}],"words_ver":[{"word":"abating","x":2,"y":0,"id":2,"info":"Decreasing in amount or intensity","savedValue":"ABATING","desc":"Decreasing in amount or intensity","meta":"       "},{"word":"nostril","x":4,"y":0,"id":3,"info":"Breathing hole","savedValue":"NOSTRIL","desc":"Breathing hole","meta":"       "},{"word":"enough","x":6,"y":0,"id":4,"info":"A sufficient amount","savedValue":"ENOUGH","desc":"A sufficient amount","meta":"      "},{"word":"amend","x":8,"y":0,"id":5,"info":"Set straight or right","savedValue":"AMEND","desc":"Set straight or right","meta":"     "},{"word":"cover","x":10,"y":0,"id":6,"info":"Blanket","savedValue":"COVER","desc":"Blanket","meta":"     "},{"word":"domesticate","x":0,"y":1,"id":7,"info":"Make docile and tractable","savedValue":"DOMESTICATE","desc":"Make docile and tractable","meta":"           "},{"word":"immediately","x":12,"y":1,"id":8,"info":"At once","savedValue":"IMMEDIATELY","desc":"At once","meta":"           "},{"word":"illness","x":8,"y":6,"id":14,"info":"Ailment","savedValue":"ILLNESS","desc":"Ailment","meta":"       "},{"word":"endorse","x":10,"y":6,"id":15,"info":"Guarantee as meeting a certain standard","savedValue":"ENDORSE","desc":"Guarantee as meeting a certain standard","meta":"       "},{"word":"rapier","x":6,"y":7,"id":17,"info":"Straight sword with a narrow blade","savedValue":"RAPIER","desc":"Straight sword with a narrow blade","meta":"      "},{"word":"shave","x":2,"y":8,"id":19,"info":"Remove unwanted hair","savedValue":"SHAVE","desc":"Remove unwanted hair","meta":"     "},{"word":"sisal","x":4,"y":8,"id":20,"info":"Fibre used for making rope","savedValue":"SISAL","desc":"Fibre used for making rope","meta":"     "}],"hints":0,"isNew":false,"isSolved":true,"name":"16","percentage":100,"seconds":581,"solvedCount":24}