{"words_hor":[{"word":"canvass","x":0,"y":0,"id":1,"info":"Solicit votes","savedValue":"CANVASS","desc":"Solicit votes","meta":"       "},{"word":"ass","x":10,"y":0,"id":6,"info":"Beast of burden","savedValue":"ASS","desc":"Beast of burden","meta":"   "},{"word":"cress","x":6,"y":1,"id":8,"info":"Green salad vegetable","savedValue":"CRESS","desc":"Green salad vegetable","meta":"     "},{"word":"caterer","x":0,"y":2,"id":9,"info":"Food provider","savedValue":"CATERER","desc":"Food provider","meta":"       "},{"word":"slats","x":8,"y":3,"id":10,"info":"Thin strips of wood or metal","savedValue":"SLATS","desc":"Thin strips of wood or metal","meta":"     "},{"word":"deprived","x":0,"y":4,"id":11,"info":"Impoverished","savedValue":"DEPRIVED","desc":"Impoverished","meta":"        "},{"word":"craven","x":0,"y":6,"id":13,"info":"Abjectly fearful","savedValue":"CRAVEN","desc":"Abjectly fearful","meta":"      "},{"word":"amoeba","x":7,"y":6,"id":15,"info":"Single-celled organism","savedValue":"AMOEBA","desc":"Single-celled organism","meta":"      "},{"word":"hangouts","x":5,"y":8,"id":18,"info":"Frequently visited places","savedValue":"HANGOUTS","desc":"Frequently visited places","meta":"        "},{"word":"sewer","x":0,"y":9,"id":19,"info":"Conduit for carrying off waste products","savedValue":"SEWER","desc":"Conduit for carrying off waste products","meta":"     "},{"word":"steamer","x":6,"y":10,"id":21,"info":"Cooking utensil","savedValue":"STEAMER","desc":"Cooking utensil","meta":"       "},{"word":"range","x":2,"y":11,"id":22,"info":"Assortment","savedValue":"RANGE","desc":"Assortment","meta":"     "},{"word":"nod","x":0,"y":12,"id":23,"info":"Move the head in agreement","savedValue":"NOD","desc":"Move the head in agreement","meta":"   "},{"word":"abscess","x":6,"y":12,"id":24,"info":"Localized sore","savedValue":"ABSCESS","desc":"Localized sore","meta":"       "}],"words_ver":[{"word":"amateur","x":1,"y":0,"id":2,"info":"Lacking professional skill","savedValue":"AMATEUR","desc":"Lacking professional skill","meta":"       "},{"word":"airliner","x":4,"y":0,"id":3,"info":"Commercial passenger plane","savedValue":"AIRLINER","desc":"Commercial passenger plane","meta":"        "},{"word":"screen","x":6,"y":0,"id":4,"info":"Shield","savedValue":"SCREEN","desc":"Shield","meta":"      "},{"word":"mess","x":8,"y":0,"id":5,"info":"Clutter","savedValue":"MESS","desc":"Clutter","meta":"    "},{"word":"askance","x":10,"y":0,"id":6,"info":"With a side or oblique glance","savedValue":"ASKANCE","desc":"With a side or oblique glance","meta":"       "},{"word":"satsuma","x":12,"y":0,"id":7,"info":"Variety of mandarin orange","savedValue":"SATSUMA","desc":"Variety of mandarin orange","meta":"       "},{"word":"smugness","x":8,"y":5,"id":12,"info":"Complacency","savedValue":"SMUGNESS","desc":"Complacency","meta":"        "},{"word":"chasten","x":0,"y":6,"id":13,"info":"Castigate","savedValue":"CHASTEN","desc":"Castigate","meta":"       "},{"word":"awkward","x":2,"y":6,"id":14,"info":"Clumsy","savedValue":"AWKWARD","desc":"Clumsy","meta":"       "},{"word":"bathers","x":11,"y":6,"id":16,"info":"Swimmers","savedValue":"BATHERS","desc":"Swimmers","meta":"       "},{"word":"nausea","x":6,"y":7,"id":17,"info":"Sickness","savedValue":"NAUSEA","desc":"Sickness","meta":"      "},{"word":"rand","x":4,"y":9,"id":20,"info":"Basic unit of money in South Africa","savedValue":"RAND","desc":"Basic unit of money in South Africa","meta":"    "}],"hints":0,"isNew":false,"isSolved":true,"name":"17","percentage":100,"seconds":2012,"solvedCount":26}