{"words_hor":[{"word":"passport","x":0,"y":0,"id":1,"info":"Official travel permit","savedValue":"PASSPORT","desc":"Official travel permit","meta":"        "},{"word":"odes","x":9,"y":0,"id":5,"info":"Poems","savedValue":"ODES","desc":"Poems","meta":"    "},{"word":"pudding","x":0,"y":2,"id":9,"info":"Dessert","savedValue":"PUDDING","desc":"Dessert","meta":"       "},{"word":"onair","x":8,"y":2,"id":10,"info":"Elated (2,3)","savedValue":"ONAIR","desc":"Elated (2,3)","meta":"     "},{"word":"newengland","x":3,"y":4,"id":11,"info":"Region of the USA comprising Maine, New Hampshire, Vermont, Massachusetts, Rhode Island and Connecticut","savedValue":"NEWENGLAND","desc":"Region of the USA comprising Maine, New Hampshire, Vermont, Massachusetts, Rhode Island and Connecticut","meta":"          "},{"word":"tongue","x":0,"y":6,"id":14,"info":"Language","savedValue":"TONGUE","desc":"Language","meta":"      "},{"word":"polite","x":7,"y":6,"id":15,"info":"Genteel","savedValue":"POLITE","desc":"Genteel","meta":"      "},{"word":"overburden","x":0,"y":8,"id":17,"info":"Load with excessive weight","savedValue":"OVERBURDEN","desc":"Load with excessive weight","meta":"          "},{"word":"inter","x":0,"y":10,"id":20,"info":"Bury","savedValue":"INTER","desc":"Bury","meta":"     "},{"word":"stadium","x":6,"y":10,"id":21,"info":"Arena","savedValue":"STADIUM","desc":"Arena","meta":"       "},{"word":"yard","x":0,"y":12,"id":22,"info":"Back garden","savedValue":"YARD","desc":"Back garden","meta":"    "},{"word":"forehead","x":5,"y":12,"id":23,"info":"Part of the face above the eyes","savedValue":"FOREHEAD","desc":"Part of the face above the eyes","meta":"        "}],"words_ver":[{"word":"pope","x":0,"y":0,"id":1,"info":"Catholic Holy Father","savedValue":"POPE","desc":"Catholic Holy Father","meta":"    "},{"word":"soda","x":2,"y":0,"id":2,"info":"Mixer drink","savedValue":"SODA","desc":"Mixer drink","meta":"    "},{"word":"primenumbers","x":4,"y":0,"id":3,"info":"Integers such as 23, 29, 31, 37, etc (5,7)","savedValue":"PRIMENUMBERS","desc":"Integers such as 23, 29, 31, 37, etc (5,7)","meta":"            "},{"word":"rugged","x":6,"y":0,"id":4,"info":"Rocky and steep","savedValue":"RUGGED","desc":"Rocky and steep","meta":"      "},{"word":"dramatic","x":10,"y":0,"id":6,"info":"Striking","savedValue":"DRAMATIC","desc":"Striking","meta":"        "},{"word":"shredder","x":12,"y":0,"id":7,"info":"Machine for destroying documents","savedValue":"SHREDDER","desc":"Machine for destroying documents","meta":"        "},{"word":"conglomerate","x":8,"y":1,"id":8,"info":"Group of diverse companies run as a single organisation","savedValue":"CONGLOMERATE","desc":"Group of diverse companies run as a single organisation","meta":"            "},{"word":"atrocity","x":0,"y":5,"id":12,"info":"Act of dreadful cruelty","savedValue":"ATROCITY","desc":"Act of dreadful cruelty","meta":"        "},{"word":"ancestor","x":2,"y":5,"id":13,"info":"Forebear","savedValue":"ANCESTOR","desc":"Forebear","meta":"        "},{"word":"fresco","x":6,"y":7,"id":16,"info":"Wall painting","savedValue":"FRESCO","desc":"Wall painting","meta":"      "},{"word":"aide","x":10,"y":9,"id":18,"info":"Assistant","savedValue":"AIDE","desc":"Assistant","meta":"    "},{"word":"amid","x":12,"y":9,"id":19,"info":"Among","savedValue":"AMID","desc":"Among","meta":"    "}],"hints":0,"isNew":false,"isSolved":true,"name":"18","percentage":100,"seconds":1603,"solvedCount":24}