{"words_hor":[{"word":"erasing","x":0,"y":0,"id":1,"info":"Blotting out","savedValue":"ERASING","desc":"Blotting out","meta":"       "},{"word":"spear","x":8,"y":0,"id":5,"info":"Implement with a shaft and barbed point","savedValue":"SPEAR","desc":"Implement with a shaft and barbed point","meta":"     "},{"word":"turns","x":0,"y":2,"id":7,"info":"Changes direction","savedValue":"TURNS","desc":"Changes direction","meta":"     "},{"word":"sorcery","x":6,"y":2,"id":8,"info":"Witchcraft","savedValue":"SORCERY","desc":"Witchcraft","meta":"       "},{"word":"convene","x":0,"y":4,"id":9,"info":"Call together (for a meeting)","savedValue":"CONVENE","desc":"Call together (for a meeting)","meta":"       "},{"word":"eggon","x":8,"y":4,"id":10,"info":"Encourage, cause to act (3,2)","savedValue":"EGGON","desc":"Encourage, cause to act (3,2)","meta":"     "},{"word":"svelte","x":0,"y":6,"id":11,"info":"Slender","savedValue":"SVELTE","desc":"Slender","meta":"      "},{"word":"cassis","x":7,"y":6,"id":13,"info":"French sweet blackcurrant liqueur","savedValue":"CASSIS","desc":"French sweet blackcurrant liqueur","meta":"      "},{"word":"comet","x":0,"y":8,"id":18,"info":"Heavenly body","savedValue":"COMET","desc":"Heavenly body","meta":"     "},{"word":"germane","x":6,"y":8,"id":20,"info":"Relevant","savedValue":"GERMANE","desc":"Relevant","meta":"       "},{"word":"wayside","x":0,"y":10,"id":21,"info":"Edge of a road or path","savedValue":"WAYSIDE","desc":"Edge of a road or path","meta":"       "},{"word":"nylon","x":8,"y":10,"id":22,"info":"Man-made fibre","savedValue":"NYLON","desc":"Man-made fibre","meta":"     "},{"word":"fence","x":0,"y":12,"id":23,"info":"Barrier which encloses an area","savedValue":"FENCE","desc":"Barrier which encloses an area","meta":"     "},{"word":"symptom","x":6,"y":12,"id":24,"info":"Sign, indication","savedValue":"SYMPTOM","desc":"Sign, indication","meta":"       "}],"words_ver":[{"word":"entices","x":0,"y":0,"id":1,"info":"Lures","savedValue":"ENTICES","desc":"Lures","meta":"       "},{"word":"arrange","x":2,"y":0,"id":2,"info":"Bring about","savedValue":"ARRANGE","desc":"Bring about","meta":"       "},{"word":"inspect","x":4,"y":0,"id":3,"info":"Examine","savedValue":"INSPECT","desc":"Examine","meta":"       "},{"word":"gasket","x":6,"y":0,"id":4,"info":"Ring for sealing a pipe joint","savedValue":"GASKET","desc":"Ring for sealing a pipe joint","meta":"      "},{"word":"serve","x":8,"y":0,"id":5,"info":"Dish out","savedValue":"SERVE","desc":"Dish out","meta":"     "},{"word":"apriori","x":11,"y":0,"id":6,"info":"Derived by logic, without observed facts (1,6)","savedValue":"APRIORI","desc":"Derived by logic, without observed facts (1,6)","meta":"       "},{"word":"violate","x":1,"y":6,"id":12,"info":"Act in disregard of laws or promises","savedValue":"VIOLATE","desc":"Act in disregard of laws or promises","meta":"       "},{"word":"acronym","x":8,"y":6,"id":14,"info":"Word formed from the initial letters of a multi-word name","savedValue":"ACRONYM","desc":"Word formed from the initial letters of a multi-word name","meta":"       "},{"word":"shallot","x":10,"y":6,"id":15,"info":"Small mild-flavoured onion","savedValue":"SHALLOT","desc":"Small mild-flavoured onion","meta":"       "},{"word":"sternum","x":12,"y":6,"id":16,"info":"Breastbone","savedValue":"STERNUM","desc":"Breastbone","meta":"       "},{"word":"egress","x":6,"y":7,"id":17,"info":"Emergence","savedValue":"EGRESS","desc":"Emergence","meta":"      "},{"word":"twice","x":4,"y":8,"id":19,"info":"Double","savedValue":"TWICE","desc":"Double","meta":"     "}],"hints":0,"isNew":false,"isSolved":true,"name":"19","percentage":100,"seconds":1636,"solvedCount":26}