{"words_hor":[{"word":"SUDDEN","x":0,"y":0,"id":1,"info":"Unexpectedly quick.","savedValue":"SUDDEN","desc":"Unexpectedly quick.","meta":"      "},{"word":"IMMATURE","x":5,"y":1,"id":7,"info":"Not fully developed.","savedValue":"IMMATURE","desc":"Not fully developed.","meta":"        "},{"word":"MAN","x":0,"y":2,"id":8,"info":"Adult male person.","savedValue":"MAN","desc":"Adult male person.","meta":"   "},{"word":"GATHER","x":2,"y":3,"id":9,"info":"Assemble.","savedValue":"GATHER","desc":"Assemble.","meta":"      "},{"word":"LUCK","x":9,"y":3,"id":10,"info":"Chance, fortune.","savedValue":"LUCK","desc":"Chance, fortune.","meta":"    "},{"word":"TORSO","x":0,"y":5,"id":11,"info":"Body.","savedValue":"TORSO","desc":"Body.","meta":"     "},{"word":"ECLIPSE","x":6,"y":5,"id":13,"info":"Cut off the sun's light.","savedValue":"ECLIPSE","desc":"Cut off the sun's light.","meta":"       "},{"word":"letdown","x":0,"y":7,"id":15,"info":"Disappointment (3-4)","savedValue":"LETDOWN","desc":"Disappointment (3-4)","meta":"       "},{"word":"uncle","x":8,"y":7,"id":17,"info":"Brother of one's father.","savedValue":"UNCLE","desc":"Brother of one's father.","meta":"     "},{"word":"pass","x":0,"y":9,"id":21,"info":"Succeed in an examination.","savedValue":"PASS","desc":"Succeed in an examination.","meta":"    "},{"word":"allude","x":5,"y":9,"id":22,"info":"Make a disguised reference.","savedValue":"ALLUDE","desc":"Make a disguised reference.","meta":"      "},{"word":"eel","x":10,"y":10,"id":23,"info":"Snake-like fish.","savedValue":"EEL","desc":"Snake-like fish.","meta":"   "},{"word":"remember","x":0,"y":11,"id":24,"info":"Bear in mind.","savedValue":"REMEMBER","desc":"Bear in mind.","meta":"        "},{"word":"museum","x":7,"y":12,"id":25,"info":"Depository for displaying objects of historical interest.","savedValue":"MUSEUM","desc":"Depository for displaying objects of historical interest.","meta":"      "}],"words_ver":[{"word":"summit","x":0,"y":0,"id":1,"info":"Apex.","savedValue":"SUMMIT","desc":"Apex.","meta":"      "},{"word":"danger","x":2,"y":0,"id":2,"info":"Hazard.","savedValue":"DANGER","desc":"Hazard.","meta":"      "},{"word":"night","x":5,"y":0,"id":3,"info":"Dark period.","savedValue":"NIGHT","desc":"Dark period.","meta":"     "},{"word":"embrace","x":7,"y":0,"id":4,"info":"Clasp another person in the arms.","savedValue":"EMBRACE","desc":"Clasp another person in the arms.","meta":"       "},{"word":"stallion","x":9,"y":0,"id":5,"info":"Adult male horse.","savedValue":"STALLION","desc":"Adult male horse.","meta":"        "},{"word":"crocus","x":11,"y":0,"id":6,"info":"Flower, the source of saffron.","savedValue":"CROCUS","desc":"Flower, the source of saffron.","meta":"      "},{"word":"sidestep","x":3,"y":5,"id":12,"info":"Avoid.","savedValue":"SIDESTEP","desc":"Avoid.","meta":"        "},{"word":"swearby","x":5,"y":6,"id":14,"info":"Put wholehearted trust or reliance on (5,2).","savedValue":"SWEARBY","desc":"Put wholehearted trust or reliance on (5,2).","meta":"       "},{"word":"enamel","x":1,"y":7,"id":16,"info":"Substance covering the crown of a tooth.","savedValue":"ENAMEL","desc":"Substance covering the crown of a tooth.","meta":"      "},{"word":"cheese","x":10,"y":7,"id":18,"info":"Dairy product.","savedValue":"CHEESE","desc":"Dairy product.","meta":"      "},{"word":"emblem","x":12,"y":7,"id":19,"info":"Insignia.","savedValue":"EMBLEM","desc":"Insignia.","meta":"      "},{"word":"alarm","x":7,"y":8,"id":20,"info":"Clock that wakes a sleeper at a preset time.","savedValue":"ALARM","desc":"Clock that wakes a sleeper at a preset time.","meta":"     "}],"hints":0,"isNew":false,"isSolved":true,"name":"2","percentage":100,"seconds":494,"solvedCount":26}