{"words_hor":[{"word":"troops","x":0,"y":0,"id":1,"info":"Military personnel","savedValue":"TROOPS","desc":"Military personnel","meta":"      "},{"word":"soccer","x":7,"y":0,"id":4,"info":"Football","savedValue":"SOCCER","desc":"Football","meta":"      "},{"word":"abuser","x":0,"y":2,"id":7,"info":"Maltreater","savedValue":"ABUSER","desc":"Maltreater","meta":"      "},{"word":"eyeglass","x":5,"y":3,"id":8,"info":"Monocle","savedValue":"EYEGLASS","desc":"Monocle","meta":"        "},{"word":"corset","x":0,"y":5,"id":12,"info":"Foundation garment","savedValue":"CORSET","desc":"Foundation garment","meta":"      "},{"word":"bobbin","x":7,"y":5,"id":14,"info":"Reel, spool","savedValue":"BOBBIN","desc":"Reel, spool","meta":"      "},{"word":"chopin","x":0,"y":7,"id":15,"info":"Composer whose works include the Minute Waltz","savedValue":"CHOPIN","desc":"Composer whose works include the Minute Waltz","meta":"      "},{"word":"veneer","x":7,"y":7,"id":16,"info":"Decorative layer","savedValue":"VENEER","desc":"Decorative layer","meta":"      "},{"word":"wrestler","x":0,"y":9,"id":18,"info":"Hand-to-hand fighter","savedValue":"WRESTLER","desc":"Hand-to-hand fighter","meta":"        "},{"word":"strata","x":7,"y":10,"id":22,"info":"Several parallel layers of material","savedValue":"STRATA","desc":"Several parallel layers of material","meta":"      "},{"word":"pauses","x":0,"y":12,"id":23,"info":"Hesitates","savedValue":"PAUSES","desc":"Hesitates","meta":"      "},{"word":"stanza","x":7,"y":12,"id":24,"info":"Number of lines of verse","savedValue":"STANZA","desc":"Number of lines of verse","meta":"      "}],"words_ver":[{"word":"thai","x":0,"y":0,"id":1,"info":"Native of Bangkok, for example","savedValue":"THAI","desc":"Native of Bangkok, for example","meta":"    "},{"word":"obsess","x":3,"y":0,"id":2,"info":"Be preoccupied with something","savedValue":"OBSESS","desc":"Be preoccupied with something","meta":"      "},{"word":"street","x":5,"y":0,"id":3,"info":"Thoroughfare","savedValue":"STREET","desc":"Thoroughfare","meta":"      "},{"word":"sloe","x":7,"y":0,"id":4,"info":"Blackthorn fruit","savedValue":"SLOE","desc":"Blackthorn fruit","meta":"    "},{"word":"coil","x":9,"y":0,"id":5,"info":"Wind","savedValue":"COIL","desc":"Wind","meta":"    "},{"word":"rags","x":12,"y":0,"id":6,"info":"Tatters","savedValue":"RAGS","desc":"Tatters","meta":"    "},{"word":"grove","x":8,"y":3,"id":9,"info":"Small cultivated wood without undergrowth","savedValue":"GROVE","desc":"Small cultivated wood without undergrowth","meta":"     "},{"word":"spider","x":11,"y":3,"id":10,"info":"Eight-legged creature","savedValue":"SPIDER","desc":"Eight-legged creature","meta":"      "},{"word":"mother","x":1,"y":4,"id":11,"info":"Female parent","savedValue":"MOTHER","desc":"Female parent","meta":"      "},{"word":"evict","x":4,"y":5,"id":13,"info":"Expel from one's property","savedValue":"EVICT","desc":"Expel from one's property","meta":"     "},{"word":"versus","x":7,"y":7,"id":16,"info":"Against","savedValue":"VERSUS","desc":"Against","meta":"      "},{"word":"nutria","x":9,"y":7,"id":17,"info":"Aquatic South American rodent resembling a small beaver","savedValue":"NUTRIA","desc":"Aquatic South American rodent resembling a small beaver","meta":"      "},{"word":"warp","x":0,"y":9,"id":18,"info":"Distort","savedValue":"WARP","desc":"Distort","meta":"    "},{"word":"sows","x":3,"y":9,"id":19,"info":"Adult female hogs","savedValue":"SOWS","desc":"Adult female hogs","meta":"    "},{"word":"less","x":5,"y":9,"id":20,"info":"Fewer","savedValue":"LESS","desc":"Fewer","meta":"    "},{"word":"cava","x":12,"y":9,"id":21,"info":"Spanish sparkling white wine","savedValue":"CAVA","desc":"Spanish sparkling white wine","meta":"    "}],"hints":0,"isNew":false,"isSolved":true,"name":"20","percentage":100,"seconds":954,"solvedCount":28}