{"words_hor":[{"word":"Stems","x":0,"y":0,"id":1,"info":"Stalks of a plant","savedValue":"STEMS","desc":"Stalks of a plant","meta":"     "},{"word":"Sojourn","x":6,"y":0,"id":4,"info":"Stay, temporary residence","savedValue":"SOJOURN","desc":"Stay, temporary residence","meta":"       "},{"word":"Kylie","x":8,"y":2,"id":7,"info":"Ms Minogue","savedValue":"KYLIE","desc":"Ms Minogue","meta":"     "},{"word":"Thirteen","x":0,"y":3,"id":8,"info":"Quantity in a 'baker's dozen'","savedValue":"THIRTEEN","desc":"Quantity in a 'baker's dozen'","meta":"        "},{"word":"jeans","x":8,"y":4,"id":9,"info":"Close-fitting trousers of heavy denim","savedValue":"JEANS","desc":"Close-fitting trousers of heavy denim","meta":"     "},{"word":"illfated","x":0,"y":5,"id":11,"info":"Unlucky (3-5)","savedValue":"ILLFATED","desc":"Unlucky (3-5)","meta":"        "},{"word":"freehand","x":5,"y":7,"id":15,"info":"Done manually, without mechanical aids or devices","savedValue":"FREEHAND","desc":"Done manually, without mechanical aids or devices","meta":"        "},{"word":"trial","x":0,"y":8,"id":17,"info":"Experiment","savedValue":"TRIAL","desc":"Experiment","meta":"     "},{"word":"Operetta","x":5,"y":9,"id":19,"info":"Short musical drama","savedValue":"OPERETTA","desc":"Short musical drama","meta":"        "},{"word":"licit","x":0,"y":10,"id":20,"info":"Lawful, legitimate","savedValue":"LICIT","desc":"Lawful, legitimate","meta":"     "},{"word":"fathoms","x":0,"y":12,"id":21,"info":"Units of measurement for water depth","savedValue":"FATHOMS","desc":"Units of measurement for water depth","meta":"       "},{"word":"miser","x":8,"y":12,"id":22,"info":"Cheapskate","savedValue":"MISER","desc":"Cheapskate","meta":"     "}],"words_ver":[{"word":"spotlight","x":0,"y":0,"id":1,"info":"Lamp that produces a strong beam","savedValue":"SPOTLIGHT","desc":"Lamp that produces a strong beam","meta":"         "},{"word":"entitle","x":2,"y":0,"id":2,"info":"Give the right to","savedValue":"ENTITLE","desc":"Give the right to","meta":"       "},{"word":"Spatial","x":4,"y":0,"id":3,"info":"Relating to extent","savedValue":"SPATIAL","desc":"Relating to extent","meta":"       "},{"word":"Severe","x":6,"y":0,"id":4,"info":"Harsh, stern","savedValue":"SEVERE","desc":"Harsh, stern","meta":"      "},{"word":"oxygen","x":9,"y":0,"id":5,"info":"Gas found in air","savedValue":"OXYGEN","desc":"Gas found in air","meta":"      "},{"word":"reign","x":11,"y":0,"id":6,"info":"Govern","savedValue":"REIGN","desc":"Govern","meta":"     "},{"word":"sandpaper","x":12,"y":4,"id":10,"info":"Abrasive medium used to remove paint from wood","savedValue":"SANDPAPER","desc":"Abrasive medium used to remove paint from wood","meta":"         "},{"word":"bedroom","x":8,"y":6,"id":12,"info":"Boudoir","savedValue":"BEDROOM","desc":"Boudoir","meta":"       "},{"word":"tactics","x":10,"y":6,"id":13,"info":"Strategy","savedValue":"TACTICS","desc":"Strategy","meta":"       "},{"word":"vanish","x":3,"y":7,"id":14,"info":"Disappear from view","savedValue":"VANISH","desc":"Disappear from view","meta":"      "},{"word":"rapids","x":6,"y":7,"id":16,"info":"Parts of a river where the current is very fast","savedValue":"RAPIDS","desc":"Parts of a river where the current is very fast","meta":"      "},{"word":"raita","x":1,"y":8,"id":18,"info":"Indian side dish of yogurt and chopped cucumbers","savedValue":"RAITA","desc":"Indian side dish of yogurt and chopped cucumbers","meta":"     "}],"hints":0,"isNew":false,"isSolved":true,"name":"21","percentage":100,"seconds":950,"solvedCount":24}