{"words_hor":[{"word":"aphrodisiac","x":0,"y":0,"id":1,"info":"Substance that stimulates love or desire","savedValue":"APHRODISIAC","desc":"Substance that stimulates love or desire","meta":"           "},{"word":"coiffeur","x":0,"y":2,"id":7,"info":"Male hairdresser","savedValue":"COIFFEUR","desc":"Male hairdresser","meta":"        "},{"word":"iffy","x":9,"y":2,"id":8,"info":"Chancy","savedValue":"IFFY","desc":"Chancy","meta":"    "},{"word":"raceme","x":0,"y":4,"id":9,"info":"Elongated cluster of flowers","savedValue":"RACEME","desc":"Elongated cluster of flowers","meta":"      "},{"word":"gauche","x":7,"y":4,"id":11,"info":"Awkward","savedValue":"GAUCHE","desc":"Awkward","meta":"      "},{"word":"balls","x":1,"y":6,"id":13,"info":"Round objects used in games","savedValue":"BALLS","desc":"Round objects used in games","meta":"     "},{"word":"sprig","x":7,"y":6,"id":14,"info":"Branchlet","savedValue":"SPRIG","desc":"Branchlet","meta":"     "},{"word":"theirs","x":0,"y":8,"id":17,"info":"Belonging to those people","savedValue":"THEIRS","desc":"Belonging to those people","meta":"      "},{"word":"usable","x":7,"y":8,"id":20,"info":"Fit for service, functional","savedValue":"USABLE","desc":"Fit for service, functional","meta":"      "},{"word":"area","x":0,"y":10,"id":22,"info":"Domain","savedValue":"AREA","desc":"Domain","meta":"    "},{"word":"explicit","x":5,"y":10,"id":23,"info":"Precisely and clearly expressed","savedValue":"EXPLICIT","desc":"Precisely and clearly expressed","meta":"        "},{"word":"refreshment","x":2,"y":12,"id":24,"info":"Renewed strength or spirit","savedValue":"REFRESHMENT","desc":"Renewed strength or spirit","meta":"           "}],"words_ver":[{"word":"accord","x":0,"y":0,"id":1,"info":"Harmony of people's opinions","savedValue":"ACCORD","desc":"Harmony of people's opinions","meta":"      "},{"word":"rifle","x":3,"y":0,"id":2,"info":"Type of firearm","savedValue":"RIFLE","desc":"Type of firearm","meta":"     "},{"word":"deepens","x":5,"y":0,"id":3,"info":"Becomes more intense","savedValue":"DEEPENS","desc":"Becomes more intense","meta":"       "},{"word":"shrug","x":7,"y":0,"id":4,"info":"Gesture involving the shoulders","savedValue":"SHRUG","desc":"Gesture involving the shoulders","meta":"     "},{"word":"adieu","x":9,"y":0,"id":5,"info":"Au revoir","savedValue":"ADIEU","desc":"Au revoir","meta":"     "},{"word":"styles","x":12,"y":0,"id":6,"info":"Fashions","savedValue":"STYLES","desc":"Fashions","meta":"      "},{"word":"crane","x":2,"y":4,"id":10,"info":"Large wading bird","savedValue":"CRANE","desc":"Large wading bird","meta":"     "},{"word":"climb","x":10,"y":4,"id":12,"info":"Ascend","savedValue":"CLIMB","desc":"Ascend","meta":"     "},{"word":"sculpts","x":7,"y":6,"id":14,"info":"Carves in stone or wood","savedValue":"SCULPTS","desc":"Carves in stone or wood","meta":"       "},{"word":"attach","x":0,"y":7,"id":15,"info":"Connect","savedValue":"ATTACH","desc":"Connect","meta":"      "},{"word":"sextet","x":12,"y":7,"id":16,"info":"Group of six","savedValue":"SEXTET","desc":"Group of six","meta":"      "},{"word":"irate","x":3,"y":8,"id":18,"info":"Angry","savedValue":"IRATE","desc":"Angry","meta":"     "},{"word":"sheer","x":5,"y":8,"id":19,"info":"Absolute","savedValue":"SHEER","desc":"Absolute","meta":"     "},{"word":"axiom","x":9,"y":8,"id":21,"info":"Saying that is widely accepted on tis own merits","savedValue":"AXIOM","desc":"Saying that is widely accepted on tis own merits","meta":"     "}],"hints":0,"isNew":false,"isSolved":true,"name":"22","percentage":100,"seconds":1177,"solvedCount":26}