{"words_hor":[{"word":"imam","x":0,"y":0,"id":1,"info":"Mosque official","savedValue":"IMAM","desc":"Mosque official","meta":"    "},{"word":"macaroni","x":5,"y":0,"id":3,"info":"Pasta in the form of slender tubes","savedValue":"MACARONI","desc":"Pasta in the form of slender tubes","meta":"        "},{"word":"shakeup","x":0,"y":2,"id":9,"info":"Agitate, excite (5,2)","savedValue":"SHAKEUP","desc":"Agitate, excite (5,2)","meta":"       "},{"word":"idled","x":8,"y":2,"id":10,"info":"Lazed","savedValue":"IDLED","desc":"Lazed","meta":"     "},{"word":"aioli","x":0,"y":4,"id":11,"info":"Garlic mayonnaise","savedValue":"AIOLI","desc":"Garlic mayonnaise","meta":"     "},{"word":"alumnus","x":6,"y":4,"id":12,"info":"Male graduate","savedValue":"ALUMNUS","desc":"Male graduate","meta":"       "},{"word":"topics","x":0,"y":6,"id":13,"info":"Themes","savedValue":"TOPICS","desc":"Themes","meta":"      "},{"word":"stroke","x":7,"y":6,"id":15,"info":"Swimming style","savedValue":"STROKE","desc":"Swimming style","meta":"      "},{"word":"nineveh","x":0,"y":8,"id":17,"info":"Ancient Assyrian city on the Tigris","savedValue":"NINEVEH","desc":"Ancient Assyrian city on the Tigris","meta":"       "},{"word":"Rests","x":8,"y":8,"id":18,"info":"Relaxes","savedValue":"RESTS","desc":"Relaxes","meta":"     "},{"word":"occur","x":0,"y":10,"id":20,"info":"Arise","savedValue":"OCCUR","desc":"Arise","meta":"     "},{"word":"washtub","x":6,"y":10,"id":21,"info":"Receptacle used for cleaning clothes or linens","savedValue":"WASHTUB","desc":"Receptacle used for cleaning clothes or linens","meta":"       "},{"word":"Standard","x":0,"y":12,"id":22,"info":"Basis for comparison","savedValue":"STANDARD","desc":"Basis for comparison","meta":"        "},{"word":"True","x":9,"y":12,"id":23,"info":"Consistent with fact or reality","savedValue":"TRUE","desc":"Consistent with fact or reality","meta":"    "}],"words_ver":[{"word":"instantaneous","x":0,"y":0,"id":1,"info":"Occurring with no delay","savedValue":"INSTANTANEOUS","desc":"Occurring with no delay","meta":"             "},{"word":"alamo","x":2,"y":0,"id":2,"info":"Famous American battle","savedValue":"ALAMO","desc":"Famous American battle","meta":"     "},{"word":"appeal","x":6,"y":0,"id":4,"info":"Earnest or urgent request","savedValue":"APPEAL","desc":"Earnest or urgent request","meta":"      "},{"word":"apiculturist","x":8,"y":0,"id":5,"info":"Bee-keeper","savedValue":"APICULTURIST","desc":"Bee-keeper","meta":"            "},{"word":"orlando","x":10,"y":0,"id":6,"info":"City in central Florida","savedValue":"ORLANDO","desc":"City in central Florida","meta":"       "},{"word":"indispensable","x":12,"y":0,"id":7,"info":"Absolutely necessary","savedValue":"INDISPENSABLE","desc":"Absolutely necessary","meta":"             "},{"word":"rediscovered","x":4,"y":1,"id":8,"info":"Found anew","savedValue":"REDISCOVERED","desc":"Found anew","meta":"            "},{"word":"panacea","x":2,"y":6,"id":14,"info":"Cure-all","savedValue":"PANACEA","desc":"Cure-all","meta":"       "},{"word":"shower","x":6,"y":7,"id":16,"info":"Bathroom cubicle","savedValue":"SHOWER","desc":"Bathroom cubicle","meta":"      "},{"word":"sitar","x":10,"y":8,"id":19,"info":"Indian lute","savedValue":"SITAR","desc":"Indian lute","meta":"     "}],"hints":0,"isNew":false,"isSolved":true,"name":"23","percentage":100,"seconds":1333,"solvedCount":24}