{"words_hor":[{"word":"easels","x":0,"y":0,"id":1,"info":"Stands for paintings","savedValue":"EASELS","desc":"Stands for paintings","meta":"      "},{"word":"travesty","x":5,"y":1,"id":8,"info":"Farce, charade","savedValue":"TRAVESTY","desc":"Farce, charade","meta":"        "},{"word":"mantra","x":0,"y":2,"id":9,"info":"Sacred word repeated in prayer","savedValue":"MANTRA","desc":"Sacred word repeated in prayer","meta":"      "},{"word":"mistaken","x":5,"y":3,"id":10,"info":"Erroneous","savedValue":"MISTAKEN","desc":"Erroneous","meta":"        "},{"word":"revamp","x":0,"y":4,"id":11,"info":"Patch up or renovate","savedValue":"REVAMP","desc":"Patch up or renovate","meta":"      "},{"word":"epilepsy","x":5,"y":5,"id":12,"info":"Disorder of the central nervous system characterised by convulsions","savedValue":"EPILEPSY","desc":"Disorder of the central nervous system characterised by convulsions","meta":"        "},{"word":"ornament","x":0,"y":7,"id":16,"info":"Decorative item","savedValue":"ORNAMENT","desc":"Decorative item","meta":"        "},{"word":"emboss","x":7,"y":8,"id":18,"info":"Raise in a relief","savedValue":"EMBOSS","desc":"Raise in a relief","meta":"      "},{"word":"endanger","x":0,"y":9,"id":21,"info":"Imperil","savedValue":"ENDANGER","desc":"Imperil","meta":"        "},{"word":"exotic","x":7,"y":10,"id":23,"info":"Strikingly strange","savedValue":"EXOTIC","desc":"Strikingly strange","meta":"      "},{"word":"fabulous","x":0,"y":11,"id":24,"info":"Mythical","savedValue":"FABULOUS","desc":"Mythical","meta":"        "},{"word":"tandem","x":7,"y":12,"id":25,"info":"Bicycle for two riders","savedValue":"TANDEM","desc":"Bicycle for two riders","meta":"      "}],"words_ver":[{"word":"abate","x":1,"y":0,"id":2,"info":"Become less intense","savedValue":"ABATE","desc":"Become less intense","meta":"     "},{"word":"extra","x":3,"y":0,"id":3,"info":"Crowd actor","savedValue":"EXTRA","desc":"Crowd actor","meta":"     "},{"word":"stampede","x":5,"y":0,"id":4,"info":"Rush","savedValue":"STAMPEDE","desc":"Rush","meta":"        "},{"word":"taps","x":7,"y":0,"id":5,"info":"Faucets","savedValue":"TAPS","desc":"Faucets","meta":"    "},{"word":"decades","x":9,"y":0,"id":6,"info":"Periods of ten years","savedValue":"DECADES","desc":"Periods of ten years","meta":"       "},{"word":"stress","x":11,"y":0,"id":7,"info":"Emphasis","savedValue":"STRESS","desc":"Emphasis","meta":"      "},{"word":"redo","x":0,"y":4,"id":11,"info":"Make new","savedValue":"REDO","desc":"Make new","meta":"    "},{"word":"interest","x":7,"y":5,"id":13,"info":"Concern","savedValue":"INTEREST","desc":"Concern","meta":"        "},{"word":"yaws","x":12,"y":5,"id":14,"info":"Deviates erratically from a set course","savedValue":"YAWS","desc":"Deviates erratically from a set course","meta":"    "},{"word":"macaque","x":3,"y":6,"id":15,"info":"Short-tailed monkey","savedValue":"MACAQUE","desc":"Short-tailed monkey","meta":"       "},{"word":"runway","x":1,"y":7,"id":17,"info":"Airstrip","savedValue":"RUNWAY","desc":"Airstrip","meta":"      "},{"word":"brown","x":9,"y":8,"id":19,"info":"Colour of wood or earth","savedValue":"BROWN","desc":"Colour of wood or earth","meta":"     "},{"word":"seize","x":11,"y":8,"id":20,"info":"Grab","savedValue":"SEIZE","desc":"Grab","meta":"     "},{"word":"good","x":5,"y":9,"id":22,"info":"Decent","savedValue":"GOOD","desc":"Decent","meta":"    "}],"hints":0,"isNew":false,"isSolved":true,"name":"24","percentage":100,"seconds":928,"solvedCount":26}