{"words_hor":[{"word":"scariest","x":0,"y":0,"id":1,"info":"Most chilling","savedValue":"SCARIEST","desc":"Most chilling","meta":"        "},{"word":"ages","x":9,"y":0,"id":5,"info":"Becomes older","savedValue":"AGES","desc":"Becomes older","meta":"    "},{"word":"imams","x":0,"y":2,"id":8,"info":"Muslim prayer leaders","savedValue":"IMAMS","desc":"Muslim prayer leaders","meta":"     "},{"word":"sequoia","x":6,"y":2,"id":9,"info":"Huge coniferous","savedValue":"SEQUOIA","desc":"Huge coniferous","meta":"       "},{"word":"earnest","x":6,"y":4,"id":10,"info":"Ardently serious","savedValue":"EARNEST","desc":"Ardently serious","meta":"       "},{"word":"shelter","x":0,"y":5,"id":12,"info":"Protection","savedValue":"SHELTER","desc":"Protection","meta":"       "},{"word":"cutlass","x":6,"y":7,"id":14,"info":"Short, curved sword","savedValue":"CUTLASS","desc":"Short, curved sword","meta":"       "},{"word":"placebo","x":0,"y":8,"id":16,"info":"Innocuous or inert medication","savedValue":"PLACEBO","desc":"Innocuous or inert medication","meta":"       "},{"word":"article","x":0,"y":10,"id":18,"info":"Feature","savedValue":"ARTICLE","desc":"Feature","meta":"       "},{"word":"ovals","x":8,"y":10,"id":19,"info":"Ellipses","savedValue":"OVALS","desc":"Ellipses","meta":"     "},{"word":"harp","x":0,"y":12,"id":20,"info":"Stringed instrument","savedValue":"HARP","desc":"Stringed instrument","meta":"    "},{"word":"perspire","x":5,"y":12,"id":21,"info":"Sweat","savedValue":"PERSPIRE","desc":"Sweat","meta":"        "}],"words_ver":[{"word":"said","x":0,"y":0,"id":1,"info":"Expressed in words","savedValue":"SAID","desc":"Expressed in words","meta":"    "},{"word":"arable","x":2,"y":0,"id":2,"info":"Fit for cultivation","savedValue":"ARABLE","desc":"Fit for cultivation","meta":"      "},{"word":"institute","x":4,"y":0,"id":3,"info":"Organization","savedValue":"INSTITUTE","desc":"Organization","meta":"         "},{"word":"sister","x":6,"y":0,"id":4,"info":"Female sibling","savedValue":"SISTER","desc":"Female sibling","meta":"      "},{"word":"glower","x":10,"y":0,"id":6,"info":"Sullen or angry stare","savedValue":"GLOWER","desc":"Sullen or angry stare","meta":"      "},{"word":"starters","x":12,"y":0,"id":7,"info":"First courses","savedValue":"STARTERS","desc":"First courses","meta":"        "},{"word":"rapturous","x":8,"y":4,"id":11,"info":"Ecstatic","savedValue":"RAPTUROUS","desc":"Ecstatic","meta":"         "},{"word":"slapdash","x":0,"y":5,"id":12,"info":"Marked by great carelessness","savedValue":"SLAPDASH","desc":"Marked by great carelessness","meta":"        "},{"word":"banter","x":2,"y":7,"id":13,"info":"Gentle teasing","savedValue":"BANTER","desc":"Gentle teasing","meta":"      "},{"word":"cohere","x":6,"y":7,"id":14,"info":"Stick or hold together","savedValue":"COHERE","desc":"Stick or hold together","meta":"      "},{"word":"alkali","x":10,"y":7,"id":15,"info":"Compound capable of turning litmus blue","savedValue":"ALKALI","desc":"Compound capable of turning litmus blue","meta":"      "},{"word":"isle","x":12,"y":9,"id":17,"info":"Offshore territory","savedValue":"ISLE","desc":"Offshore territory","meta":"    "}],"hints":0,"isNew":false,"isSolved":true,"name":"25","percentage":100,"seconds":1150,"solvedCount":24}