{"words_hor":[{"word":"Barrel","x":7,"y":0,"id":4,"info":"Keg, cask","savedValue":"BARREL","desc":"Keg, cask","meta":"      "},{"word":"Detonate","x":0,"y":1,"id":6,"info":"Blow up","savedValue":"DETONATE","desc":"Blow up","meta":"        "},{"word":"Aerate","x":7,"y":2,"id":7,"info":"Supply or impregnate with oxygen","savedValue":"AERATE","desc":"Supply or impregnate with oxygen","meta":"      "},{"word":"belt","x":0,"y":3,"id":8,"info":"Waistband","savedValue":"BELT","desc":"Waistband","meta":"    "},{"word":"eat","x":5,"y":3,"id":9,"info":"Consume","savedValue":"EAT","desc":"Consume","meta":"   "},{"word":"sepia","x":0,"y":5,"id":11,"info":"Dark reddish-brown","savedValue":"SEPIA","desc":"Dark reddish-brown","meta":"     "},{"word":"peppery","x":6,"y":5,"id":12,"info":"Hot and spicy","savedValue":"PEPPERY","desc":"Hot and spicy","meta":"       "},{"word":"referee","x":0,"y":7,"id":15,"info":"Official who is expected to ensure fair play","savedValue":"REFEREE","desc":"Official who is expected to ensure fair play","meta":"       "},{"word":"scabs","x":8,"y":7,"id":17,"info":"Crustlike surfaces of healing wounds","savedValue":"SCABS","desc":"Crustlike surfaces of healing wounds","meta":"     "},{"word":"top","x":5,"y":9,"id":20,"info":"Pinnacle","savedValue":"TOP","desc":"Pinnacle","meta":"   "},{"word":"slap","x":9,"y":9,"id":21,"info":"Blow delivered with on open hand","savedValue":"SLAP","desc":"Blow delivered with on open hand","meta":"    "},{"word":"vishnu","x":0,"y":10,"id":22,"info":"Hindu deity","savedValue":"VISHNU","desc":"Hindu deity","meta":"      "},{"word":"creditor","x":5,"y":11,"id":23,"info":"Person to whom money is owed by a debtor","savedValue":"CREDITOR","desc":"Person to whom money is owed by a debtor","meta":"        "},{"word":"cerise","x":0,"y":12,"id":24,"info":"Colour of ripe cherries","savedValue":"CERISE","desc":"Colour of ripe cherries","meta":"      "}],"words_ver":[{"word":"revere","x":1,"y":0,"id":1,"info":"Be in awe of","savedValue":"REVERE","desc":"Be in awe of","meta":"      "},{"word":"container","x":3,"y":0,"id":2,"info":"Holder","savedValue":"CONTAINER","desc":"Holder","meta":"         "},{"word":"eager","x":5,"y":0,"id":3,"info":"Keen","savedValue":"EAGER","desc":"Keen","meta":"     "},{"word":"beatles","x":7,"y":0,"id":4,"info":"'Fab' 1960s group","savedValue":"BEATLES","desc":"'Fab' 1960s group","meta":"       "},{"word":"either","x":11,"y":0,"id":5,"info":"Alternative - this or that","savedValue":"EITHER","desc":"Alternative - this or that","meta":"      "},{"word":"spaceship","x":9,"y":4,"id":10,"info":"Craft used outside the Earth's atmosphere","savedValue":"SPACESHIP","desc":"Craft used outside the Earth's atmosphere","meta":"         "},{"word":"sir","x":0,"y":5,"id":11,"info":"Form of address","savedValue":"SIR","desc":"Form of address","meta":"   "},{"word":"yes","x":12,"y":5,"id":13,"info":"Affirmative answer","savedValue":"YES","desc":"Affirmative answer","meta":"   "},{"word":"lettuce","x":5,"y":6,"id":14,"info":"Salad vegetable","savedValue":"LETTUCE","desc":"Salad vegetable","meta":"       "},{"word":"equine","x":1,"y":7,"id":16,"info":"Of horses","savedValue":"EQUINE","desc":"Of horses","meta":"      "},{"word":"beacon","x":11,"y":7,"id":18,"info":"Bonfire signal","savedValue":"BEACON","desc":"Bonfire signal","meta":"      "},{"word":"speed","x":7,"y":8,"id":19,"info":"Rate of travel","savedValue":"SPEED","desc":"Rate of travel","meta":"     "}],"hints":0,"isNew":false,"isSolved":true,"name":"26","percentage":100,"seconds":647,"solvedCount":26}