{"words_hor":[{"word":"stroll","x":0,"y":0,"id":1,"info":"Leisurely walk","savedValue":"STROLL","desc":"Leisurely walk","meta":"      "},{"word":"inaction","x":5,"y":1,"id":7,"info":"State of motionlessness","savedValue":"INACTION","desc":"State of motionlessness","meta":"        "},{"word":"iceage","x":0,"y":3,"id":8,"info":"Glacial period (3,3)","savedValue":"ICEAGE","desc":"Glacial period (3,3)","meta":"      "},{"word":"target","x":7,"y":3,"id":10,"info":"Objective","savedValue":"TARGET","desc":"Objective","meta":"      "},{"word":"poser","x":0,"y":5,"id":11,"info":"Baffling question or problem","savedValue":"POSER","desc":"Baffling question or problem","meta":"     "},{"word":"voucher","x":6,"y":5,"id":13,"info":"Receipt","savedValue":"VOUCHER","desc":"Receipt","meta":"       "},{"word":"stutter","x":0,"y":7,"id":16,"info":"Speak haltingly","savedValue":"STUTTER","desc":"Speak haltingly","meta":"       "},{"word":"pants","x":8,"y":7,"id":17,"info":"Gasps","savedValue":"PANTS","desc":"Gasps","meta":"     "},{"word":"castle","x":0,"y":9,"id":20,"info":"Fortress","savedValue":"CASTLE","desc":"Fortress","meta":"      "},{"word":"aurora","x":7,"y":9,"id":22,"info":"Break of day","savedValue":"AURORA","desc":"Break of day","meta":"      "},{"word":"reverend","x":0,"y":11,"id":24,"info":"Clergyman's title","savedValue":"REVEREND","desc":"Clergyman's title","meta":"        "},{"word":"safely","x":7,"y":12,"id":25,"info":"Without danger","savedValue":"SAFELY","desc":"Without danger","meta":"      "}],"words_ver":[{"word":"scrimp","x":0,"y":0,"id":1,"info":"Subsist on a meagre allowance","savedValue":"SCRIMP","desc":"Subsist on a meagre allowance","meta":"      "},{"word":"ride","x":2,"y":0,"id":2,"info":"Journey in a vehicle","savedValue":"RIDE","desc":"Journey in a vehicle","meta":"    "},{"word":"liver","x":5,"y":0,"id":3,"info":"Organ of the body","savedValue":"LIVER","desc":"Organ of the body","meta":"     "},{"word":"cartoon","x":7,"y":0,"id":4,"info":"Animated film","savedValue":"CARTOON","desc":"Animated film","meta":"       "},{"word":"star","x":9,"y":0,"id":5,"info":"Celestial body","savedValue":"STAR","desc":"Celestial body","meta":"    "},{"word":"movement","x":11,"y":0,"id":6,"info":"Motion","savedValue":"MOVEMENT","desc":"Motion","meta":"        "},{"word":"adept","x":3,"y":3,"id":9,"info":"Dexterous","savedValue":"ADEPT","desc":"Dexterous","meta":"     "},{"word":"outdated","x":1,"y":5,"id":12,"info":"No longer in use or fashionable","savedValue":"OUTDATED","desc":"No longer in use or fashionable","meta":"        "},{"word":"chair","x":9,"y":5,"id":14,"info":"Position of professor","savedValue":"CHAIR","desc":"Position of professor","meta":"     "},{"word":"jezebel","x":5,"y":6,"id":15,"info":"Biblical wife of Ahab","savedValue":"JEZEBEL","desc":"Biblical wife of Ahab","meta":"       "},{"word":"scanty","x":12,"y":7,"id":18,"info":"Lacking in quantity","savedValue":"SCANTY","desc":"Lacking in quantity","meta":"      "},{"word":"lands","x":7,"y":8,"id":19,"info":"Comes down to earth","savedValue":"LANDS","desc":"Comes down to earth","meta":"     "},{"word":"teen","x":3,"y":9,"id":21,"info":"Adolescent","savedValue":"TEEN","desc":"Adolescent","meta":"    "},{"word":"ogle","x":10,"y":9,"id":23,"info":"Leer","savedValue":"OGLE","desc":"Leer","meta":"    "}],"hints":0,"isNew":false,"isSolved":true,"name":"28","percentage":100,"seconds":851,"solvedCount":26}