{"words_hor":[{"word":"sinuous","x":0,"y":0,"id":1,"info":"Curving in and out","savedValue":"SINUOUS","desc":"Curving in and out","meta":"       "},{"word":"termite","x":6,"y":1,"id":7,"info":"White, ant-like insect","savedValue":"TERMITE","desc":"White, ant-like insect","meta":"       "},{"word":"alpha","x":2,"y":2,"id":8,"info":"Greek letter","savedValue":"ALPHA","desc":"Greek letter","meta":"     "},{"word":"trammel","x":6,"y":3,"id":10,"info":"Restraint that confines freedom","savedValue":"TRAMMEL","desc":"Restraint that confines freedom","meta":"       "},{"word":"dumbo","x":0,"y":4,"id":11,"info":"Walt Disney film of 1941","savedValue":"DUMBO","desc":"Walt Disney film of 1941","meta":"     "},{"word":"plenteous","x":4,"y":5,"id":12,"info":"Copious","savedValue":"PLENTEOUS","desc":"Copious","meta":"         "},{"word":"assertion","x":0,"y":7,"id":16,"info":"Claim","savedValue":"ASSERTION","desc":"Claim","meta":"         "},{"word":"still","x":8,"y":8,"id":18,"info":"Motionless","savedValue":"STILL","desc":"Motionless","meta":"     "},{"word":"surpass","x":0,"y":9,"id":20,"info":"Exceed","savedValue":"SURPASS","desc":"Exceed","meta":"       "},{"word":"igloo","x":6,"y":10,"id":23,"info":"Ice house","savedValue":"IGLOO","desc":"Ice house","meta":"     "},{"word":"confess","x":0,"y":11,"id":24,"info":"Admit one's guilt","savedValue":"CONFESS","desc":"Admit one's guilt","meta":"       "},{"word":"triceps","x":6,"y":12,"id":25,"info":"Skeletal muscle having three origins","savedValue":"TRICEPS","desc":"Skeletal muscle having three origins","meta":"       "}],"words_ver":[{"word":"stood","x":0,"y":0,"id":1,"info":"Was upright","savedValue":"STOOD","desc":"Was upright","meta":"     "},{"word":"nearmiss","x":2,"y":0,"id":2,"info":"Accidental collision that is narrowly avoided (4,4)","savedValue":"NEARMISS","desc":"Accidental collision that is narrowly avoided (4,4)","meta":"        "},{"word":"statue","x":6,"y":0,"id":3,"info":"Figurine","savedValue":"STATUE","desc":"Figurine","meta":"      "},{"word":"urea","x":8,"y":0,"id":4,"info":"Waste product useful as a fertiliser","savedValue":"UREA","desc":"Waste product useful as a fertiliser","meta":"    "},{"word":"firm","x":10,"y":0,"id":5,"info":"Steadfast","savedValue":"FIRM","desc":"Steadfast","meta":"    "},{"word":"realism","x":12,"y":0,"id":6,"info":"State of being actual","savedValue":"REALISM","desc":"State of being actual","meta":"       "},{"word":"proper","x":4,"y":2,"id":9,"info":"Marked by suitability","savedValue":"PROPER","desc":"Marked by suitability","meta":"      "},{"word":"tinsel","x":8,"y":5,"id":13,"info":"Threads of metal foil","savedValue":"TINSEL","desc":"Threads of metal foil","meta":"      "},{"word":"omnivore","x":10,"y":5,"id":14,"info":"Eater of meat and vegetables","savedValue":"OMNIVORE","desc":"Eater of meat and vegetables","meta":"        "},{"word":"ransack","x":0,"y":6,"id":15,"info":"Plunder","savedValue":"RANSACK","desc":"Plunder","meta":"       "},{"word":"insist","x":6,"y":7,"id":17,"info":"Assert to be true","savedValue":"INSIST","desc":"Assert to be true","meta":"      "},{"word":"links","x":12,"y":8,"id":19,"info":"Connections","savedValue":"LINKS","desc":"Connections","meta":"     "},{"word":"rink","x":2,"y":9,"id":21,"info":"Skating area","savedValue":"RINK","desc":"Skating area","meta":"    "},{"word":"abel","x":4,"y":9,"id":22,"info":"Child of Adam and Eve","savedValue":"ABEL","desc":"Child of Adam and Eve","meta":"    "}],"hints":0,"isNew":false,"isSolved":true,"name":"29","percentage":100,"seconds":1038,"solvedCount":26}