{"words_hor":[{"word":"Odds","x":0,"y":0,"id":1,"info":"Chances.","savedValue":"ODDS","desc":"Chances.","meta":"    "},{"word":"pricking","x":5,"y":0,"id":3,"info":"Making a small hole into, as with a needle or thorn.","savedValue":"PRICKING","desc":"Making a small hole into, as with a needle or thorn.","meta":"        "},{"word":"Egotist","x":0,"y":2,"id":9,"info":"Conceited, self-centred person.","savedValue":"EGOTIST","desc":"Conceited, self-centred person.","meta":"       "},{"word":"never","x":8,"y":2,"id":10,"info":"At no time.","savedValue":"NEVER","desc":"At no time.","meta":"     "},{"word":"Disassociate","x":0,"y":4,"id":11,"info":"Break a connection with.","savedValue":"DISASSOCIATE","desc":"Break a connection with.","meta":"            "},{"word":"Sac","x":0,"y":6,"id":14,"info":"Pouch.","savedValue":"SAC","desc":"Pouch.","meta":"   "},{"word":"Where","x":4,"y":6,"id":16,"info":"In what place?","savedValue":"WHERE","desc":"In what place?","meta":"     "},{"word":"spa","x":10,"y":6,"id":17,"info":"Kind of hot tub","savedValue":"SPA","desc":"Kind of hot tub","meta":"   "},{"word":"manufacturer","x":1,"y":8,"id":18,"info":"Producer, maker.","savedValue":"MANUFACTURER","desc":"Producer, maker.","meta":"            "},{"word":"topaz","x":0,"y":10,"id":21,"info":"Birthstone for November.","savedValue":"TOPAZ","desc":"Birthstone for November.","meta":"     "},{"word":"Seances","x":6,"y":10,"id":22,"info":"Spiritualists' meetings.","savedValue":"SEANCES","desc":"Spiritualists' meetings.","meta":"       "},{"word":"Baddebts","x":0,"y":12,"id":23,"info":"Financial obligations that are unlikely to be repaid (3,5)","savedValue":"BADDEBTS","desc":"Financial obligations that are unlikely to be repaid (3,5)","meta":"        "},{"word":"edgy","x":9,"y":12,"id":24,"info":"Restless and nervous","savedValue":"EDGY","desc":"Restless and nervous","meta":"    "}],"words_ver":[{"word":"overdose","x":0,"y":0,"id":1,"info":"Take too much medication.","savedValue":"OVERDOSE","desc":"Take too much medication.","meta":"        "},{"word":"drops","x":2,"y":0,"id":2,"info":"Falls.","savedValue":"DROPS","desc":"Falls.","meta":"     "},{"word":"rat","x":6,"y":0,"id":4,"info":"Common type of rodent.","savedValue":"RAT","desc":"Common type of rodent.","meta":"   "},{"word":"confidential","x":8,"y":0,"id":5,"info":"Given in secret.","savedValue":"CONFIDENTIAL","desc":"Given in secret.","meta":"            "},{"word":"invites","x":10,"y":0,"id":6,"info":"Requests the presence of.","savedValue":"INVITES","desc":"Requests the presence of.","meta":"       "},{"word":"girl","x":12,"y":0,"id":7,"info":"Female child.","savedValue":"GIRL","desc":"Female child.","meta":"    "},{"word":"jigsawpuzzle","x":4,"y":1,"id":8,"info":"Game consisting of a picture that has been cut into interlocking pieces (6,6)","savedValue":"JIGSAWPUZZLE","desc":"Game consisting of a picture that has been cut into interlocking pieces (6,6)","meta":"            "},{"word":"omega","x":6,"y":4,"id":12,"info":"Last letter of the Greek alphabet.","savedValue":"OMEGA","desc":"Last letter of the Greek alphabet.","meta":"     "},{"word":"sacristy","x":12,"y":5,"id":13,"info":"Church robing room","savedValue":"SACRISTY","desc":"Church robing room","meta":"        "},{"word":"clapped","x":2,"y":6,"id":15,"info":"Applauded.","savedValue":"CLAPPED","desc":"Applauded.","meta":"       "},{"word":"raced","x":10,"y":8,"id":19,"info":"Hastened.","savedValue":"RACED","desc":"Hastened.","meta":"     "},{"word":"stab","x":0,"y":9,"id":20,"info":"Poke or thrust abruptly.","savedValue":"STAB","desc":"Poke or thrust abruptly.","meta":"    "},{"word":"sat","x":6,"y":10,"id":22,"info":"Occupied a chair.","savedValue":"SAT","desc":"Occupied a chair.","meta":"   "}],"hints":0,"isNew":false,"isSolved":true,"name":"3","percentage":100,"seconds":744,"solvedCount":26}