{"words_hor":[{"word":"census","x":0,"y":0,"id":1,"info":"Population count","savedValue":"CENSUS","desc":"Population count","meta":"      "},{"word":"beside","x":7,"y":0,"id":5,"info":"Next to","savedValue":"BESIDE","desc":"Next to","meta":"      "},{"word":"opiate","x":0,"y":2,"id":8,"info":"Narcotic drug","savedValue":"OPIATE","desc":"Narcotic drug","meta":"      "},{"word":"shares","x":7,"y":2,"id":9,"info":"Uses jointly","savedValue":"SHARES","desc":"Uses jointly","meta":"      "},{"word":"toe","x":5,"y":3,"id":10,"info":"Foot digit","savedValue":"TOE","desc":"Foot digit","meta":"   "},{"word":"bogey","x":0,"y":4,"id":11,"info":"One stroke over par in golf","savedValue":"BOGEY","desc":"One stroke over par in golf","meta":"     "},{"word":"seedling","x":5,"y":5,"id":13,"info":"Young plant","savedValue":"SEEDLING","desc":"Young plant","meta":"        "},{"word":"columbus","x":0,"y":7,"id":15,"info":"State capital of Ohio","savedValue":"COLUMBUS","desc":"State capital of Ohio","meta":"        "},{"word":"usurp","x":8,"y":8,"id":16,"info":"Commandeer","savedValue":"USURP","desc":"Commandeer","meta":"     "},{"word":"tic","x":5,"y":9,"id":19,"info":"Nervous twitch","savedValue":"TIC","desc":"Nervous twitch","meta":"   "},{"word":"asthma","x":0,"y":10,"id":21,"info":"Respiratory disorder","savedValue":"ASTHMA","desc":"Respiratory disorder","meta":"      "},{"word":"azalea","x":7,"y":10,"id":22,"info":"Rhododendron-like shrub","savedValue":"AZALEA","desc":"Rhododendron-like shrub","meta":"      "},{"word":"sledge","x":0,"y":12,"id":23,"info":"Vehicle for travelling on snow","savedValue":"SLEDGE","desc":"Vehicle for travelling on snow","meta":"      "},{"word":"singer","x":7,"y":12,"id":24,"info":"Vocalist","savedValue":"SINGER","desc":"Vocalist","meta":"      "}],"words_ver":[{"word":"explosion","x":1,"y":0,"id":2,"info":"Violent release of energy","savedValue":"EXPLOSION","desc":"Violent release of energy","meta":"         "},{"word":"scare","x":3,"y":0,"id":3,"info":"Frighten away","savedValue":"SCARE","desc":"Frighten away","meta":"     "},{"word":"suet","x":5,"y":0,"id":4,"info":"Edible fat","savedValue":"SUET","desc":"Edible fat","meta":"    "},{"word":"baseless","x":7,"y":0,"id":5,"info":"Unwarrented, without foundation","savedValue":"BASELESS","desc":"Unwarrented, without foundation","meta":"        "},{"word":"spatula","x":9,"y":0,"id":6,"info":"Kitchen utensil used for spreading","savedValue":"SPATULA","desc":"Kitchen utensil used for spreading","meta":"       "},{"word":"east","x":12,"y":0,"id":7,"info":"Compass point","savedValue":"EAST","desc":"Compass point","meta":"    "},{"word":"intercede","x":11,"y":4,"id":12,"info":"Arbitrate","savedValue":"INTERCEDE","desc":"Arbitrate","meta":"         "},{"word":"sabotage","x":5,"y":5,"id":13,"info":"Deliberate act of destruction or disruption","savedValue":"SABOTAGE","desc":"Deliberate act of destruction or disruption","meta":"        "},{"word":"hunched","x":3,"y":6,"id":14,"info":"Having the back and shoulders rounded","savedValue":"HUNCHED","desc":"Having the back and shoulders rounded","meta":"       "},{"word":"spawn","x":9,"y":8,"id":17,"info":"Mass of eggs deposited by frogs","savedValue":"SPAWN","desc":"Mass of eggs deposited by frogs","meta":"     "},{"word":"bars","x":0,"y":9,"id":18,"info":"Establishments where alcoholic drinks are served","savedValue":"BARS","desc":"Establishments where alcoholic drinks are served","meta":"    "},{"word":"caps","x":7,"y":9,"id":20,"info":"Restricts the number or amount of","savedValue":"CAPS","desc":"Restricts the number or amount of","meta":"    "}],"hints":0,"isNew":false,"isSolved":true,"name":"30","percentage":100,"seconds":1030,"solvedCount":26}