{"words_hor":[{"word":"Shapeless","x":0,"y":0,"id":1,"info":"Lacking in form","savedValue":"SHAPELESS","desc":"Lacking in form","meta":"         "},{"word":"heave","x":8,"y":1,"id":8,"info":"Throw with great effort","savedValue":"HEAVE","desc":"Throw with great effort","meta":"     "},{"word":"agile","x":4,"y":3,"id":9,"info":"Active, nimble","savedValue":"AGILE","desc":"Active, nimble","meta":"     "},{"word":"Curds","x":0,"y":4,"id":10,"info":"Coagulated milk used to make cheese","savedValue":"CURDS","desc":"Coagulated milk used to make cheese","meta":"     "},{"word":"thorn","x":8,"y":4,"id":11,"info":"Prickle","savedValue":"THORN","desc":"Prickle","meta":"     "},{"word":"shriek","x":0,"y":6,"id":12,"info":"Sharp piercing cry","savedValue":"SHRIEK","desc":"Sharp piercing cry","meta":"      "},{"word":"ashore","x":7,"y":6,"id":13,"info":"On land","savedValue":"ASHORE","desc":"On land","meta":"      "},{"word":"rapid","x":0,"y":8,"id":17,"info":"Quick","savedValue":"RAPID","desc":"Quick","meta":"     "},{"word":"alias","x":8,"y":8,"id":20,"info":"Assumed name","savedValue":"ALIAS","desc":"Assumed name","meta":"     "},{"word":"right","x":4,"y":9,"id":22,"info":"Correct","savedValue":"RIGHT","desc":"Correct","meta":"     "},{"word":"nears","x":0,"y":11,"id":23,"info":"Approaches","savedValue":"NEARS","desc":"Approaches","meta":"     "},{"word":"surprises","x":4,"y":12,"id":24,"info":"Takes unawares","savedValue":"SURPRISES","desc":"Takes unawares","meta":"         "}],"words_ver":[{"word":"sonic","x":0,"y":0,"id":1,"info":"Of sound","savedValue":"SONIC","desc":"Of sound","meta":"     "},{"word":"admirer","x":2,"y":0,"id":2,"info":"Fan","savedValue":"ADMIRER","desc":"Fan","meta":"       "},{"word":"enmasse","x":4,"y":0,"id":3,"info":"All together, as a group (2, 5)","savedValue":"ENMASSE","desc":"All together, as a group (2, 5)","meta":"       "},{"word":"easily","x":6,"y":0,"id":4,"info":"Without effort","savedValue":"EASILY","desc":"Without effort","meta":"      "},{"word":"sheet","x":8,"y":0,"id":5,"info":"Item of bed linen","savedValue":"SHEET","desc":"Item of bed linen","meta":"     "},{"word":"mango","x":10,"y":0,"id":6,"info":"Fruit with aromatic pulp and a large seed","savedValue":"MANGO","desc":"Fruit with aromatic pulp and a large seed","meta":"     "},{"word":"derange","x":12,"y":0,"id":7,"info":"Throw out of mental balance","savedValue":"DERANGE","desc":"Throw out of mental balance","meta":"       "},{"word":"sardine","x":0,"y":6,"id":12,"info":"Small fish","savedValue":"SARDINE","desc":"Small fish","meta":"       "},{"word":"scatter","x":8,"y":6,"id":14,"info":"Disperse","savedValue":"SCATTER","desc":"Disperse","meta":"       "},{"word":"ominous","x":10,"y":6,"id":15,"info":"Indicating impending bad luck","savedValue":"OMINOUS","desc":"Indicating impending bad luck","meta":"       "},{"word":"jaguar","x":6,"y":7,"id":16,"info":"Large, spotted feline of tropical America","savedValue":"JAGUAR","desc":"Large, spotted feline of tropical America","meta":"      "},{"word":"pedal","x":2,"y":8,"id":18,"info":"Foot lever","savedValue":"PEDAL","desc":"Foot lever","meta":"     "},{"word":"dross","x":4,"y":8,"id":19,"info":"Worthless material","savedValue":"DROSS","desc":"Worthless material","meta":"     "},{"word":"sails","x":12,"y":8,"id":21,"info":"Travels by boat","savedValue":"SAILS","desc":"Travels by boat","meta":"     "}],"hints":0,"isNew":false,"isSolved":true,"name":"31","percentage":100,"seconds":1129,"solvedCount":26}