{"words_hor":[{"word":"Ohare","x":0,"y":0,"id":1,"info":"Airport in Chicago","savedValue":"OHARE","desc":"Airport in Chicago","meta":"     "},{"word":"Uranium","x":6,"y":1,"id":7,"info":"Nuclear fuel source","savedValue":"URANIUM","desc":"Nuclear fuel source","meta":"       "},{"word":"Perhaps","x":0,"y":2,"id":8,"info":"Maybe","savedValue":"PERHAPS","desc":"Maybe","meta":"       "},{"word":"haulage","x":6,"y":3,"id":9,"info":"Transportation of goods by track","savedValue":"HAULAGE","desc":"Transportation of goods by track","meta":"       "},{"word":"icebergs","x":0,"y":5,"id":12,"info":"Large floating masses of frozen water","savedValue":"ICEBERGS","desc":"Large floating masses of frozen water","meta":"        "},{"word":"suds","x":9,"y":5,"id":14,"info":"Soap froth","savedValue":"SUDS","desc":"Soap froth","meta":"    "},{"word":"gear","x":0,"y":7,"id":16,"info":"Cogwheel","savedValue":"GEAR","desc":"Cogwheel","meta":"    "},{"word":"namesake","x":5,"y":7,"id":18,"info":"Person who is given the same appellation as another person","savedValue":"NAMESAKE","desc":"Person who is given the same appellation as another person","meta":"        "},{"word":"telaviv","x":0,"y":9,"id":20,"info":"City in western Israel (3,4)","savedValue":"TELAVIV","desc":"City in western Israel (3,4)","meta":"       "},{"word":"academe","x":6,"y":10,"id":23,"info":"Scholarly life","savedValue":"ACADEME","desc":"Scholarly life","meta":"       "},{"word":"besides","x":0,"y":11,"id":24,"info":"In any case","savedValue":"BESIDES","desc":"In any case","meta":"       "},{"word":"kites","x":8,"y":12,"id":25,"info":"Stringed toys that are flown in the wind","savedValue":"KITES","desc":"Stringed toys that are flown in the wind","meta":"     "}],"words_ver":[{"word":"opposing","x":0,"y":0,"id":1,"info":"Fighting against or resisting strongly","savedValue":"OPPOSING","desc":"Fighting against or resisting strongly","meta":"        "},{"word":"abrade","x":2,"y":0,"id":2,"info":"Scour a surface","savedValue":"ABRADE","desc":"Scour a surface","meta":"      "},{"word":"elan","x":4,"y":0,"id":3,"info":"Panache","savedValue":"ELAN","desc":"Panache","meta":"    "},{"word":"mush","x":6,"y":0,"id":4,"info":"Soft or soggy mass","savedValue":"MUSH","desc":"Soft or soggy mass","meta":"    "},{"word":"analysis","x":9,"y":0,"id":5,"info":"Investigation","savedValue":"ANALYSIS","desc":"Investigation","meta":"        "},{"word":"nudged","x":11,"y":0,"id":6,"info":"Prodded","savedValue":"NUDGED","desc":"Prodded","meta":"      "},{"word":"assume","x":7,"y":3,"id":10,"info":"Take for granted","savedValue":"ASSUME","desc":"Take for granted","meta":"      "},{"word":"brunei","x":5,"y":4,"id":11,"info":"Sultanate in Borneo","savedValue":"BRUNEI","desc":"Sultanate in Borneo","meta":"      "},{"word":"barbaric","x":3,"y":5,"id":13,"info":"Uncivilized","savedValue":"BARBARIC","desc":"Uncivilized","meta":"        "},{"word":"seedless","x":12,"y":5,"id":15,"info":"Without pips","savedValue":"SEEDLESS","desc":"Without pips","meta":"        "},{"word":"eleven","x":1,"y":7,"id":17,"info":"Number represented by the Roman XI","savedValue":"ELEVEN","desc":"Number represented by the Roman XI","meta":"      "},{"word":"arrest","x":10,"y":7,"id":19,"info":"Take into custody","savedValue":"ARREST","desc":"Take into custody","meta":"      "},{"word":"vast","x":6,"y":9,"id":21,"info":"Enormous","savedValue":"VAST","desc":"Enormous","meta":"    "},{"word":"back","x":8,"y":9,"id":22,"info":"Rear, posterior part","savedValue":"BACK","desc":"Rear, posterior part","meta":"    "}],"hints":0,"isNew":false,"isSolved":true,"name":"32","percentage":100,"seconds":1324,"solvedCount":26}