{"words_hor":[{"word":"Beaten","x":0,"y":0,"id":1,"info":"Battered","savedValue":"BEATEN","desc":"Battered","meta":"      "},{"word":"snacks","x":7,"y":0,"id":4,"info":"Light informal meals","savedValue":"SNACKS","desc":"Light informal meals","meta":"      "},{"word":"irritate","x":0,"y":2,"id":7,"info":"Annoy","savedValue":"IRRITATE","desc":"Annoy","meta":"        "},{"word":"boat","x":9,"y":2,"id":8,"info":"Sea vessel","savedValue":"BOAT","desc":"Sea vessel","meta":"    "},{"word":"serge","x":0,"y":4,"id":9,"info":"Twilled woollen fabric","savedValue":"SERGE","desc":"Twilled woollen fabric","meta":"     "},{"word":"residue","x":6,"y":4,"id":10,"info":"Remainder","savedValue":"RESIDUE","desc":"Remainder","meta":"       "},{"word":"napkin","x":0,"y":6,"id":12,"info":"Serviette made of cloth","savedValue":"NAPKIN","desc":"Serviette made of cloth","meta":"      "},{"word":"energy","x":7,"y":6,"id":13,"info":"Exertion of force","savedValue":"ENERGY","desc":"Exertion of force","meta":"      "},{"word":"swarthy","x":0,"y":8,"id":15,"info":"Naturally having skin of a dark colour","savedValue":"SWARTHY","desc":"Naturally having skin of a dark colour","meta":"       "},{"word":"aunts","x":8,"y":8,"id":18,"info":"Female relatives","savedValue":"AUNTS","desc":"Female relatives","meta":"     "},{"word":"evil","x":0,"y":10,"id":20,"info":"Extremely wicked","savedValue":"EVIL","desc":"Extremely wicked","meta":"    "},{"word":"medicine","x":5,"y":10,"id":21,"info":"Substance taken to alleviate the symptoms of disease","savedValue":"MEDICINE","desc":"Substance taken to alleviate the symptoms of disease","meta":"        "},{"word":"genius","x":0,"y":12,"id":22,"info":"Brilliance","savedValue":"GENIUS","desc":"Brilliance","meta":"      "},{"word":"lodger","x":7,"y":12,"id":23,"info":"Paying guest","savedValue":"LODGER","desc":"Paying guest","meta":"      "}],"words_ver":[{"word":"bliss","x":0,"y":0,"id":1,"info":"Ecstasy","savedValue":"BLISS","desc":"Ecstasy","meta":"     "},{"word":"airdrop","x":2,"y":0,"id":2,"info":"Delivery from a plane or helicopter","savedValue":"AIRDROP","desc":"Delivery from a plane or helicopter","meta":"       "},{"word":"extremist","x":4,"y":0,"id":3,"info":"Person who holds radical views","savedValue":"EXTREMIST","desc":"Person who holds radical views","meta":"         "},{"word":"siege","x":7,"y":0,"id":4,"info":"Military blockade","savedValue":"SIEGE","desc":"Military blockade","meta":"     "},{"word":"crowd","x":10,"y":0,"id":5,"info":"Bunch, herd","savedValue":"CROWD","desc":"Bunch, herd","meta":"     "},{"word":"satiety","x":12,"y":0,"id":6,"info":"Repletion","savedValue":"SATIETY","desc":"Repletion","meta":"       "},{"word":"sanmarino","x":8,"y":4,"id":11,"info":"Oldest independent country in Europe (3, 6)","savedValue":"SANMARINO","desc":"Oldest independent country in Europe (3, 6)","meta":"         "},{"word":"nestegg","x":0,"y":6,"id":12,"info":"Fund of money put by as a reserve (4, 3)","savedValue":"NESTEGG","desc":"Fund of money put by as a reserve (4, 3)","meta":"       "},{"word":"running","x":10,"y":6,"id":14,"info":"Travelling on foot at a fast pace","savedValue":"RUNNING","desc":"Travelling on foot at a fast pace","meta":"       "},{"word":"avian","x":2,"y":8,"id":16,"info":"Relating to birds","savedValue":"AVIAN","desc":"Relating to birds","meta":"     "},{"word":"humus","x":5,"y":8,"id":17,"info":"Organic component of soil","savedValue":"HUMUS","desc":"Organic component of soil","meta":"     "},{"word":"smear","x":12,"y":8,"id":19,"info":"Smudge, daub","savedValue":"SMEAR","desc":"Smudge, daub","meta":"     "}],"hints":0,"isNew":false,"isSolved":true,"name":"33","percentage":100,"seconds":1146,"solvedCount":26}