{"words_hor":[{"word":"riders","x":0,"y":0,"id":1,"info":"Passengers","savedValue":"RIDERS","desc":"Passengers","meta":"      "},{"word":"martin","x":7,"y":0,"id":4,"info":"Steve ******, US actor and comedian","savedValue":"MARTIN","desc":"Steve ******, US actor and comedian","meta":"      "},{"word":"emit","x":0,"y":2,"id":7,"info":"Expel (gases or odours)","savedValue":"EMIT","desc":"Expel (gases or odours)","meta":"    "},{"word":"sorcerer","x":5,"y":3,"id":8,"info":"Magician","savedValue":"SORCERER","desc":"Magician","meta":"        "},{"word":"watery","x":0,"y":5,"id":10,"info":"Overly diluted","savedValue":"WATERY","desc":"Overly diluted","meta":"      "},{"word":"rescue","x":7,"y":5,"id":12,"info":"Deliverance","savedValue":"RESCUE","desc":"Deliverance","meta":"      "},{"word":"hawser","x":0,"y":7,"id":14,"info":"Large heavy rope for nautical use","savedValue":"HAWSER","desc":"Large heavy rope for nautical use","meta":"      "},{"word":"subdue","x":7,"y":7,"id":17,"info":"Bring under control","savedValue":"SUBDUE","desc":"Bring under control","meta":"      "},{"word":"napoleon","x":0,"y":9,"id":19,"info":"Emperor of the French (1769-1821)","savedValue":"NAPOLEON","desc":"Emperor of the French (1769-1821)","meta":"        "},{"word":"edge","x":9,"y":10,"id":21,"info":"Boundary","savedValue":"EDGE","desc":"Boundary","meta":"    "},{"word":"madras","x":0,"y":12,"id":22,"info":"Former name of the Indian city of Chennai","savedValue":"MADRAS","desc":"Former name of the Indian city of Chennai","meta":"      "},{"word":"risque","x":7,"y":12,"id":23,"info":"Suggestive of sexual impropriety","savedValue":"RISQUE","desc":"Suggestive of sexual impropriety","meta":"      "}],"words_ver":[{"word":"reef","x":0,"y":0,"id":1,"info":"Ridge of rock, coral, etc","savedValue":"REEF","desc":"Ridge of rock, coral, etc","meta":"    "},{"word":"entire","x":3,"y":0,"id":2,"info":"Full quantity or extent","savedValue":"ENTIRE","desc":"Full quantity or extent","meta":"      "},{"word":"slushy","x":5,"y":0,"id":3,"info":"Sentimental","savedValue":"SLUSHY","desc":"Sentimental","meta":"      "},{"word":"mirror","x":7,"y":0,"id":4,"info":"Looking glass","savedValue":"MIRROR","desc":"Looking glass","meta":"      "},{"word":"repels","x":9,"y":0,"id":5,"info":"Drives back","savedValue":"REPELS","desc":"Drives back","meta":"      "},{"word":"impetuous","x":11,"y":0,"id":6,"info":"Thoughtlessly hasty","savedValue":"IMPETUOUS","desc":"Thoughtlessly hasty","meta":"         "},{"word":"balalaika","x":1,"y":4,"id":9,"info":"Russian musical instrument","savedValue":"BALALAIKA","desc":"Russian musical instrument","meta":"         "},{"word":"rue","x":4,"y":5,"id":11,"info":"Strong-scented perennial herb","savedValue":"RUE","desc":"Strong-scented perennial herb","meta":"   "},{"word":"emu","x":8,"y":5,"id":13,"info":"Bird similar to an ostrich","savedValue":"EMU","desc":"Bird similar to an ostrich","meta":"   "},{"word":"smoker","x":3,"y":7,"id":15,"info":"Tobacco user","savedValue":"SMOKER","desc":"Tobacco user","meta":"      "},{"word":"rhesus","x":5,"y":7,"id":16,"info":"Breed of monkey","savedValue":"RHESUS","desc":"Breed of monkey","meta":"      "},{"word":"senior","x":7,"y":7,"id":17,"info":"Higher in rank","savedValue":"SENIOR","desc":"Higher in rank","meta":"      "},{"word":"biceps","x":9,"y":7,"id":18,"info":"Muscle that flexes the forearm","savedValue":"BICEPS","desc":"Muscle that flexes the forearm","meta":"      "},{"word":"sere","x":12,"y":9,"id":20,"info":"Withered","savedValue":"SERE","desc":"Withered","meta":"    "}],"hints":0,"isNew":false,"isSolved":true,"name":"34","percentage":100,"seconds":1420,"solvedCount":26}