{"words_hor":[{"word":"recap","x":0,"y":0,"id":1,"info":"Provide a brief summary","savedValue":"RECAP","desc":"Provide a brief summary","meta":"     "},{"word":"contact","x":6,"y":0,"id":4,"info":"Get in touch","savedValue":"CONTACT","desc":"Get in touch","meta":"       "},{"word":"satirical","x":4,"y":2,"id":8,"info":"Exposing human folly ro ridicule","savedValue":"SATIRICAL","desc":"Exposing human folly ro ridicule","meta":"         "},{"word":"beset","x":0,"y":3,"id":9,"info":"Attack on all sides","savedValue":"BESET","desc":"Attack on all sides","meta":"     "},{"word":"epidermis","x":4,"y":4,"id":10,"info":"Outer layer of the skin","savedValue":"EPIDERMIS","desc":"Outer layer of the skin","meta":"         "},{"word":"brazil","x":0,"y":6,"id":13,"info":"Latin American country","savedValue":"BRAZIL","desc":"Latin American country","meta":"      "},{"word":"layout","x":7,"y":6,"id":14,"info":"Detailed plan or design","savedValue":"LAYOUT","desc":"Detailed plan or design","meta":"      "},{"word":"tarpaulin","x":0,"y":8,"id":16,"info":"Waterproofed canvas","savedValue":"TARPAULIN","desc":"Waterproofed canvas","meta":"         "},{"word":"octet","x":8,"y":9,"id":19,"info":"Eight singers who perform together","savedValue":"OCTET","desc":"Eight singers who perform together","meta":"     "},{"word":"breakfast","x":0,"y":10,"id":20,"info":"First meal of the day","savedValue":"BREAKFAST","desc":"First meal of the day","meta":"         "},{"word":"suspect","x":0,"y":12,"id":22,"info":"Believe to be true","savedValue":"SUSPECT","desc":"Believe to be true","meta":"       "},{"word":"hence","x":8,"y":12,"id":23,"info":"From now","savedValue":"HENCE","desc":"From now","meta":"     "}],"words_ver":[{"word":"rhubarb","x":0,"y":0,"id":1,"info":"Stick fruit","savedValue":"RHUBARB","desc":"Stick fruit","meta":"       "},{"word":"crashbarriers","x":2,"y":0,"id":2,"info":"Protective structures in the middle of a highway that reduce the likelihood of severe accidents (5, 8)","savedValue":"CRASHBARRIERS","desc":"Protective structures in the middle of a highway that reduce the likelihood of severe accidents (5, 8)","meta":"             "},{"word":"paste","x":4,"y":0,"id":3,"info":"Adhesive","savedValue":"PASTE","desc":"Adhesive","meta":"     "},{"word":"cat","x":6,"y":0,"id":4,"info":"Feline mammal","savedValue":"CAT","desc":"Feline mammal","meta":"   "},{"word":"nurse","x":8,"y":0,"id":5,"info":"Care for sick people","savedValue":"NURSE","desc":"Care for sick people","meta":"     "},{"word":"accommodation","x":10,"y":0,"id":6,"info":"Living quarters","savedValue":"ACCOMMODATION","desc":"Living quarters","meta":"             "},{"word":"tills","x":12,"y":0,"id":7,"info":"Cash registers","savedValue":"TILLS","desc":"Cash registers","meta":"     "},{"word":"pilau","x":5,"y":4,"id":11,"info":"Colourful rice","savedValue":"PILAU","desc":"Colourful rice","meta":"     "},{"word":"delhi","x":7,"y":4,"id":12,"info":"City in India","savedValue":"DELHI","desc":"City in India","meta":"     "},{"word":"tartare","x":12,"y":6,"id":15,"info":"Sauce served with fish","savedValue":"TARTARE","desc":"Sauce served with fish","meta":"       "},{"word":"tubes","x":0,"y":8,"id":16,"info":"Pipes","savedValue":"TUBES","desc":"Pipes","meta":"     "},{"word":"ankle","x":4,"y":8,"id":17,"info":"Joint in the leg","savedValue":"ANKLE","desc":"Joint in the leg","meta":"     "},{"word":"notch","x":8,"y":8,"id":18,"info":"Nick","savedValue":"NOTCH","desc":"Nick","meta":"     "},{"word":"art","x":6,"y":10,"id":21,"info":"Mr Garfunkel, signer-songwriter","savedValue":"ART","desc":"Mr Garfunkel, signer-songwriter","meta":"   "}],"hints":0,"isNew":false,"isSolved":true,"name":"35","percentage":100,"seconds":1120,"solvedCount":26}