{"words_hor":[{"word":"mice","x":0,"y":0,"id":1,"info":"Small rodents","savedValue":"MICE","desc":"Small rodents","meta":"    "},{"word":"magnetic","x":5,"y":0,"id":3,"info":"Charismatic","savedValue":"MAGNETIC","desc":"Charismatic","meta":"        "},{"word":"grasses","x":0,"y":2,"id":9,"info":"Fodder plants","savedValue":"GRASSES","desc":"Fodder plants","meta":"       "},{"word":"virus","x":8,"y":2,"id":10,"info":"Infectious agent","savedValue":"VIRUS","desc":"Infectious agent","meta":"     "},{"word":"cargo","x":0,"y":4,"id":11,"info":"Consignment","savedValue":"CARGO","desc":"Consignment","meta":"     "},{"word":"norway","x":6,"y":4,"id":12,"info":"Constitutional monarchy in northern Europe","savedValue":"NORWAY","desc":"Constitutional monarchy in northern Europe","meta":"      "},{"word":"afraid","x":0,"y":6,"id":14,"info":"Cowardly","savedValue":"AFRAID","desc":"Cowardly","meta":"      "},{"word":"thrown","x":7,"y":6,"id":16,"info":"Projected through the air","savedValue":"THROWN","desc":"Projected through the air","meta":"      "},{"word":"inches","x":1,"y":8,"id":18,"info":"Twelfths of a foot","savedValue":"INCHES","desc":"Twelfths of a foot","meta":"      "},{"word":"loyal","x":8,"y":8,"id":19,"info":"Faithful","savedValue":"LOYAL","desc":"Faithful","meta":"     "},{"word":"noise","x":0,"y":10,"id":22,"info":"Racket","savedValue":"NOISE","desc":"Racket","meta":"     "},{"word":"answers","x":6,"y":10,"id":23,"info":"Replies","savedValue":"ANSWERS","desc":"Replies","meta":"       "},{"word":"together","x":0,"y":12,"id":24,"info":"Jointly","savedValue":"TOGETHER","desc":"Jointly","meta":"        "},{"word":"adds","x":9,"y":12,"id":25,"info":"Sums up","savedValue":"ADDS","desc":"Sums up","meta":"    "}],"words_ver":[{"word":"magician","x":0,"y":0,"id":1,"info":"Conjuror","savedValue":"MAGICIAN","desc":"Conjuror","meta":"        "},{"word":"chair","x":2,"y":0,"id":2,"info":"Preside over (a meeting)","savedValue":"CHAIR","desc":"Preside over (a meeting)","meta":"     "},{"word":"absent","x":6,"y":0,"id":4,"info":"Missing","savedValue":"ABSENT","desc":"Missing","meta":"      "},{"word":"nevertheless","x":8,"y":0,"id":5,"info":"All the same","savedValue":"NEVERTHELESS","desc":"All the same","meta":"            "},{"word":"tornado","x":10,"y":0,"id":6,"info":"Cyclone","savedValue":"TORNADO","desc":"Cyclone","meta":"       "},{"word":"case","x":12,"y":0,"id":7,"info":"Proceedings in a court of law","savedValue":"CASE","desc":"Proceedings in a court of law","meta":"    "},{"word":"astonishment","x":4,"y":1,"id":8,"info":"Feeling of extreme surprise","savedValue":"ASTONISHMENT","desc":"Feeling of extreme surprise","meta":"            "},{"word":"analysis","x":12,"y":5,"id":13,"info":"Testing","savedValue":"ANALYSIS","desc":"Testing","meta":"        "},{"word":"running","x":2,"y":6,"id":15,"info":"Being in operation","savedValue":"RUNNING","desc":"Being in operation","meta":"       "},{"word":"estate","x":6,"y":7,"id":17,"info":"Demesne","savedValue":"ESTATE","desc":"Demesne","meta":"      "},{"word":"yield","x":10,"y":8,"id":20,"info":"Bear fruit","savedValue":"YIELD","desc":"Bear fruit","meta":"     "},{"word":"knot","x":0,"y":9,"id":21,"info":"Entanglement","savedValue":"KNOT","desc":"Entanglement","meta":"    "}],"hints":0,"isNew":false,"isSolved":true,"name":"36","percentage":100,"seconds":1062,"solvedCount":26}