{"words_hor":[{"word":"congeal","x":0,"y":0,"id":1,"info":"Thicken","savedValue":"CONGEAL","desc":"Thicken","meta":"       "},{"word":"sharp","x":8,"y":0,"id":5,"info":"Acute","savedValue":"SHARP","desc":"Acute","meta":"     "},{"word":"connoisseur","x":0,"y":2,"id":8,"info":"Expert","savedValue":"CONNOISSEUR","desc":"Expert","meta":"           "},{"word":"intro","x":0,"y":4,"id":9,"info":"Presentation, briefly","savedValue":"INTRO","desc":"Presentation, briefly","meta":"     "},{"word":"loosely","x":6,"y":4,"id":11,"info":"In a relaxed manner, not rigid","savedValue":"LOOSELY","desc":"In a relaxed manner, not rigid","meta":"       "},{"word":"gerbil","x":0,"y":6,"id":13,"info":"Burrowing desert rodent","savedValue":"GERBIL","desc":"Burrowing desert rodent","meta":"      "},{"word":"behead","x":7,"y":6,"id":14,"info":"Decapitate","savedValue":"BEHEAD","desc":"Decapitate","meta":"      "},{"word":"reissue","x":0,"y":8,"id":17,"info":"Print a new","savedValue":"REISSUE","desc":"Print a new","meta":"       "},{"word":"baton","x":8,"y":8,"id":18,"info":"Conducting stick","savedValue":"BATON","desc":"Conducting stick","meta":"     "},{"word":"imaginative","x":2,"y":10,"id":19,"info":"Marked by independence and creativity in thought or action","savedValue":"IMAGINATIVE","desc":"Marked by independence and creativity in thought or action","meta":"           "},{"word":"tidal","x":0,"y":12,"id":22,"info":"Relating to sea waves","savedValue":"TIDAL","desc":"Relating to sea waves","meta":"     "},{"word":"madness","x":6,"y":12,"id":23,"info":"Insanity","savedValue":"MADNESS","desc":"Insanity","meta":"       "}],"words_ver":[{"word":"cycling","x":0,"y":0,"id":1,"info":"Using a bike","savedValue":"CYCLING","desc":"Using a bike","meta":"       "},{"word":"nun","x":2,"y":0,"id":2,"info":"Holy sister","savedValue":"NUN","desc":"Holy sister","meta":"   "},{"word":"economics","x":4,"y":0,"id":3,"info":"Branch of social science dealing with finance","savedValue":"ECONOMICS","desc":"Branch of social science dealing with finance","meta":"         "},{"word":"lastly","x":6,"y":0,"id":4,"info":"Finally","savedValue":"LASTLY","desc":"Finally","meta":"      "},{"word":"see","x":8,"y":0,"id":5,"info":"Catch sight of","savedValue":"SEE","desc":"Catch sight of","meta":"   "},{"word":"agreement","x":10,"y":0,"id":6,"info":"Concord","savedValue":"AGREEMENT","desc":"Concord","meta":"         "},{"word":"petty","x":12,"y":0,"id":7,"info":"Small-minded","savedValue":"PETTY","desc":"Small-minded","meta":"     "},{"word":"terrified","x":2,"y":4,"id":10,"info":"Frightened greatly","savedValue":"TERRIFIED","desc":"Frightened greatly","meta":"         "},{"word":"overboard","x":8,"y":4,"id":12,"info":"From a vessel into the water","savedValue":"OVERBOARD","desc":"From a vessel into the water","meta":"         "},{"word":"dangers","x":12,"y":6,"id":15,"info":"Perils","savedValue":"DANGERS","desc":"Perils","meta":"       "},{"word":"medium","x":6,"y":7,"id":16,"info":"Average, intermediate","savedValue":"MEDIUM","desc":"Average, intermediate","meta":"      "},{"word":"react","x":0,"y":8,"id":17,"info":"Respond","savedValue":"REACT","desc":"Respond","meta":"     "},{"word":"all","x":4,"y":10,"id":20,"info":"Completely","savedValue":"ALL","desc":"Completely","meta":"   "},{"word":"ike","x":10,"y":10,"id":21,"info":"Nickname of US president Eisenhower","savedValue":"IKE","desc":"Nickname of US president Eisenhower","meta":"   "}],"hints":0,"isNew":false,"isSolved":true,"name":"37","percentage":100,"seconds":1442,"solvedCount":26}