{"words_hor":[{"word":"closed","x":1,"y":0,"id":1,"info":"Shut","savedValue":"CLOSED","desc":"Shut","meta":"      "},{"word":"tasty","x":8,"y":0,"id":5,"info":"Appetizing","savedValue":"TASTY","desc":"Appetizing","meta":"     "},{"word":"innocence","x":0,"y":2,"id":9,"info":"Sinlessness","savedValue":"INNOCENCE","desc":"Sinlessness","meta":"         "},{"word":"sweat","x":8,"y":3,"id":10,"info":"Perspire","savedValue":"SWEAT","desc":"Perspire","meta":"     "},{"word":"emolument","x":0,"y":4,"id":11,"info":"Compensation received by virtue of holding an office","savedValue":"EMOLUMENT","desc":"Compensation received by virtue of holding an office","meta":"         "},{"word":"speech","x":0,"y":6,"id":13,"info":"A talk","savedValue":"SPEECH","desc":"A talk","meta":"      "},{"word":"dejavu","x":7,"y":6,"id":15,"info":"Experience of thinking that new situation has occurred before (4, 2)","savedValue":"DEJAVU","desc":"Experience of thinking that new situation has occurred before (4, 2)","meta":"      "},{"word":"adoration","x":4,"y":8,"id":19,"info":"Worship","savedValue":"ADORATION","desc":"Worship","meta":"         "},{"word":"slows","x":0,"y":9,"id":21,"info":"Lessens the speed of ","savedValue":"SLOWS","desc":"Lessens the speed of ","meta":"     "},{"word":"signposts","x":4,"y":10,"id":22,"info":"Roadside direction markers","savedValue":"SIGNPOSTS","desc":"Roadside direction markers","meta":"         "},{"word":"evens","x":0,"y":12,"id":24,"info":"Level betting","savedValue":"EVENS","desc":"Level betting","meta":"     "},{"word":"reader","x":6,"y":12,"id":25,"info":"Peruser of text","savedValue":"READER","desc":"Peruser of text","meta":"      "}],"words_ver":[{"word":"lingo","x":2,"y":0,"id":2,"info":"Language, jargon","savedValue":"LINGO","desc":"Language, jargon","meta":"     "},{"word":"sec","x":4,"y":0,"id":3,"info":"Dry (wine)","savedValue":"SEC","desc":"Dry (wine)","meta":"   "},{"word":"dancer","x":6,"y":0,"id":4,"info":"Performer who moves to music","savedValue":"DANCER","desc":"Performer who moves to music","meta":"      "},{"word":"trestle","x":8,"y":0,"id":5,"info":"Supporting framework","savedValue":"TRESTLE","desc":"Supporting framework","meta":"       "},{"word":"sinew","x":10,"y":0,"id":6,"info":"Tendon","savedValue":"SINEW","desc":"Tendon","meta":"     "},{"word":"youthfulness","x":12,"y":0,"id":7,"info":"Juvenility","savedValue":"YOUTHFULNESS","desc":"Juvenility","meta":"            "},{"word":"liversausage","x":0,"y":1,"id":8,"info":"Offal-based delicacy (5, 7)","savedValue":"LIVERSAUSAGE","desc":"Offal-based delicacy (5, 7)","meta":"            "},{"word":"lie","x":3,"y":4,"id":12,"info":"Be prostrate","savedValue":"LIE","desc":"Be prostrate","meta":"   "},{"word":"chassis","x":4,"y":6,"id":14,"info":"Vehicle framework","savedValue":"CHASSIS","desc":"Vehicle framework","meta":"       "},{"word":"jet","x":9,"y":6,"id":16,"info":"Type of plane","savedValue":"JET","desc":"Type of plane","meta":"   "},{"word":"cougar","x":6,"y":7,"id":17,"info":"Mountain lion","savedValue":"COUGAR","desc":"Mountain lion","meta":"      "},{"word":"bombe","x":2,"y":8,"id":18,"info":"Dome-shaped dessert","savedValue":"BOMBE","desc":"Dome-shaped dessert","meta":"     "},{"word":"issue","x":10,"y":8,"id":20,"info":"Come forth","savedValue":"ISSUE","desc":"Come forth","meta":"     "},{"word":"pea","x":8,"y":10,"id":23,"info":"Green vegetable","savedValue":"PEA","desc":"Green vegetable","meta":"   "}],"hints":0,"isNew":false,"isSolved":true,"name":"38","percentage":100,"seconds":1274,"solvedCount":26}