{"words_hor":[{"word":"saucers","x":6,"y":0,"id":4,"info":"Receptacles for cups","savedValue":"SAUCERS","desc":"Receptacles for cups","meta":"       "},{"word":"turbine","x":0,"y":1,"id":7,"info":"Rotary engine","savedValue":"TURBINE","desc":"Rotary engine","meta":"       "},{"word":"strut","x":8,"y":2,"id":8,"info":"Lofty proud gait","savedValue":"STRUT","desc":"Lofty proud gait","meta":"     "},{"word":"abase","x":0,"y":3,"id":9,"info":"Humble","savedValue":"ABASE","desc":"Humble","meta":"     "},{"word":"lei","x":6,"y":3,"id":10,"info":"Garland of flowers","savedValue":"LEI","desc":"Garland of flowers","meta":"   "},{"word":"swear","x":8,"y":4,"id":11,"info":"Blaspheme","savedValue":"SWEAR","desc":"Blaspheme","meta":"     "},{"word":"headfirst","x":0,"y":5,"id":12,"info":"With the top of the body foremost (4, 5)","savedValue":"HEADFIRST","desc":"With the top of the body foremost (4, 5)","meta":"         "},{"word":"endurance","x":4,"y":7,"id":14,"info":"Power to withstand hardship or stress","savedValue":"ENDURANCE","desc":"Power to withstand hardship or stress","meta":"         "},{"word":"stoic","x":0,"y":8,"id":17,"info":"Unemotional person","savedValue":"STOIC","desc":"Unemotional person","meta":"     "},{"word":"tar","x":4,"y":9,"id":18,"info":"Pitch","savedValue":"TAR","desc":"Pitch","meta":"   "},{"word":"nymph","x":8,"y":9,"id":19,"info":"Dryad","savedValue":"NYMPH","desc":"Dryad","meta":"     "},{"word":"maims","x":0,"y":10,"id":21,"info":"Permanently disfigures","savedValue":"MAIMS","desc":"Permanently disfigures","meta":"     "},{"word":"seaweed","x":6,"y":11,"id":22,"info":"Marine plant","savedValue":"SEAWEED","desc":"Marine plant","meta":"       "},{"word":"nervous","x":0,"y":12,"id":23,"info":"Jittery","savedValue":"NERVOUS","desc":"Jittery","meta":"       "}],"words_ver":[{"word":"etna","x":0,"y":0,"id":1,"info":"Highest volcano in Europe","savedValue":"ETNA","desc":"Highest volcano in Europe","meta":"    "},{"word":"armada","x":2,"y":0,"id":2,"info":"Fleet of warships","savedValue":"ARMADA","desc":"Fleet of warships","meta":"      "},{"word":"sideeffects","x":4,"y":0,"id":3,"info":"Secondary and usually adverse symptoms of a drug (4,7)","savedValue":"SIDEEFFECTS","desc":"Secondary and usually adverse symptoms of a drug (4,7)","meta":"           "},{"word":"seller","x":6,"y":0,"id":4,"info":"Vendor","savedValue":"SELLER","desc":"Vendor","meta":"      "},{"word":"earner","x":10,"y":0,"id":5,"info":"Breadwinner","savedValue":"EARNER","desc":"Breadwinner","meta":"      "},{"word":"saturate","x":12,"y":0,"id":6,"info":"Drench, soak","savedValue":"SATURATE","desc":"Drench, soak","meta":"        "},{"word":"sisterinlaw","x":8,"y":2,"id":8,"info":"Female to whom one is related by marriage (6-2-3)","savedValue":"SISTERINLAW","desc":"Female to whom one is related by marriage (6-2-3)","meta":"           "},{"word":"horseman","x":0,"y":5,"id":12,"info":"Skilled equestrian","savedValue":"HORSEMAN","desc":"Skilled equestrian","meta":"        "},{"word":"copier","x":2,"y":7,"id":13,"info":"Duplicator","savedValue":"COPIER","desc":"Duplicator","meta":"      "},{"word":"duress","x":6,"y":7,"id":15,"info":"Compulsory force or threat","savedValue":"DURESS","desc":"Compulsory force or threat","meta":"      "},{"word":"number","x":10,"y":7,"id":16,"info":"Amount","savedValue":"NUMBER","desc":"Amount","meta":"      "},{"word":"hide","x":12,"y":9,"id":20,"info":"Conceal","savedValue":"HIDE","desc":"Conceal","meta":"    "}],"hints":0,"isNew":false,"isSolved":true,"name":"39","percentage":100,"seconds":493,"solvedCount":26}