{"words_hor":[{"word":"shred","x":0,"y":0,"id":1,"info":"Cut Finely","savedValue":"SHRED","desc":"Cut Finely","meta":"     "},{"word":"craving","x":6,"y":0,"id":4,"info":"Intense desire for something","savedValue":"CRAVING","desc":"Intense desire for something","meta":"       "},{"word":"era","x":4,"y":1,"id":8,"info":"Long period of time","savedValue":"ERA","desc":"Long period of time","meta":"   "},{"word":"amass","x":0,"y":2,"id":9,"info":"Accumulate","savedValue":"AMASS","desc":"Accumulate","meta":"     "},{"word":"altar","x":8,"y":2,"id":10,"info":"Communion table","savedValue":"ALTAR","desc":"Communion table","meta":"     "},{"word":"turpentine","x":2,"y":4,"id":11,"info":"Volatile liquid distilled from conifers","savedValue":"TURPENTINE","desc":"Volatile liquid distilled from conifers","meta":"          "},{"word":"elapse","x":0,"y":6,"id":13,"info":"Slip away","savedValue":"ELAPSE","desc":"Slip away","meta":"      "},{"word":"apiece","x":7,"y":6,"id":15,"info":"Each","savedValue":"APIECE","desc":"Each","meta":"      "},{"word":"victorious","x":1,"y":8,"id":18,"info":"Triumphant, winning","savedValue":"VICTORIOUS","desc":"Triumphant, winning","meta":"          "},{"word":"lotus","x":0,"y":10,"id":22,"info":"Asian water lily","savedValue":"LOTUS","desc":"Asian water lily","meta":"     "},{"word":"hyena","x":8,"y":10,"id":23,"info":"Dog-like nocturnal mammal","savedValue":"HYENA","desc":"Dog-like nocturnal mammal","meta":"     "},{"word":"ire","x":6,"y":11,"id":24,"info":"Extreme anger","savedValue":"IRE","desc":"Extreme anger","meta":"   "},{"word":"carpets","x":0,"y":12,"id":25,"info":"Floor coverings","savedValue":"CARPETS","desc":"Floor coverings","meta":"       "},{"word":"three","x":8,"y":12,"id":26,"info":"Number in a trio","savedValue":"THREE","desc":"Number in a trio","meta":"     "}],"words_ver":[{"word":"seafarer","x":0,"y":0,"id":1,"info":"Mariner","savedValue":"SEAFARER","desc":"Mariner","meta":"        "},{"word":"roast","x":2,"y":0,"id":2,"info":"Cook in an oven","savedValue":"ROAST","desc":"Cook in an oven","meta":"     "},{"word":"deserts","x":4,"y":0,"id":3,"info":"Leaves in order to join an opposing cause","savedValue":"DESERTS","desc":"Leaves in order to join an opposing cause","meta":"       "},{"word":"canter","x":6,"y":0,"id":4,"info":"Horse's pace between a trot and a gallop","savedValue":"CANTER","desc":"Horse's pace between a trot and a gallop","meta":"      "},{"word":"adapt","x":8,"y":0,"id":5,"info":"Adjust","savedValue":"ADAPT","desc":"Adjust","meta":"     "},{"word":"intense","x":10,"y":0,"id":6,"info":"Extremely sharp or acute","savedValue":"INTENSE","desc":"Extremely sharp or acute","meta":"       "},{"word":"germ","x":12,"y":0,"id":7,"info":"Minute life-form","savedValue":"GERM","desc":"Minute life-form","meta":"    "},{"word":"desolate","x":12,"y":5,"id":12,"info":"Providing no shelter or sustenance","savedValue":"DESOLATE","desc":"Providing no shelter or sustenance","meta":"        "},{"word":"aviator","x":2,"y":6,"id":14,"info":"Aircraft pilot","savedValue":"AVIATOR","desc":"Aircraft pilot","meta":"       "},{"word":"crisis","x":6,"y":7,"id":17,"info":"Total disaster","savedValue":"CRISIS","desc":"Total disaster","meta":"      "},{"word":"prophet","x":8,"y":6,"id":16,"info":"Authoritative person who divines the future","savedValue":"PROPHET","desc":"Authoritative person who divines the future","meta":"       "},{"word":"taste","x":4,"y":8,"id":19,"info":"Discernment","savedValue":"TASTE","desc":"Discernment","meta":"     "},{"word":"shear","x":10,"y":8,"id":20,"info":"Cut the wool from","savedValue":"SHEAR","desc":"Cut the wool from","meta":"     "},{"word":"bloc","x":0,"y":9,"id":21,"info":"Group of countries in special alliance","savedValue":"BLOC","desc":"Group of countries in special alliance","meta":"    "}],"hints":0,"isNew":false,"isSolved":true,"name":"4","percentage":100,"seconds":1376,"solvedCount":28}