{"words_hor":[{"word":"contactlenses","x":0,"y":0,"id":1,"info":"Vision correctors worn directly on the eye (7, 6)","savedValue":"CONTACTLENSES","desc":"Vision correctors worn directly on the eye (7, 6)","meta":"             "},{"word":"name","x":0,"y":2,"id":7,"info":"Appellation","savedValue":"NAME","desc":"Appellation","meta":"    "},{"word":"bumped","x":7,"y":2,"id":8,"info":"Jostled","savedValue":"BUMPED","desc":"Jostled","meta":"      "},{"word":"atlas","x":3,"y":3,"id":9,"info":"Book of maps","savedValue":"ATLAS","desc":"Book of maps","meta":"     "},{"word":"iced","x":0,"y":4,"id":10,"info":"Very cold","savedValue":"ICED","desc":"Very cold","meta":"    "},{"word":"thirst","x":7,"y":4,"id":12,"info":"Need for liquid","savedValue":"THIRST","desc":"Need for liquid","meta":"      "},{"word":"obeys","x":1,"y":6,"id":13,"info":"Follows orders","savedValue":"OBEYS","desc":"Follows orders","meta":"     "},{"word":"radon","x":7,"y":6,"id":15,"info":"Radioactive gas","savedValue":"RADON","desc":"Radioactive gas","meta":"     "},{"word":"yarrow","x":0,"y":8,"id":18,"info":"Strong-scented, mat-forming wild herb","savedValue":"YARROW","desc":"Strong-scented, mat-forming wild herb","meta":"      "},{"word":"sago","x":9,"y":8,"id":20,"info":"Milk pudding ingredient","savedValue":"SAGO","desc":"Milk pudding ingredient","meta":"    "},{"word":"moose","x":5,"y":9,"id":21,"info":"Large northern deer","savedValue":"MOOSE","desc":"Large northern deer","meta":"     "},{"word":"scampi","x":0,"y":10,"id":22,"info":"Large shrimp often coated in batter","savedValue":"SCAMPI","desc":"Large shrimp often coated in batter","meta":"      "},{"word":"diva","x":9,"y":10,"id":23,"info":"Prima donna","savedValue":"DIVA","desc":"Prima donna","meta":"    "},{"word":"miscellaneous","x":0,"y":12,"id":24,"info":"Assorted","savedValue":"MISCELLANEOUS","desc":"Assorted","meta":"             "}],"words_ver":[{"word":"candid","x":0,"y":0,"id":1,"info":"Frank","savedValue":"CANDID","desc":"Frank","meta":"      "},{"word":"tread","x":3,"y":0,"id":2,"info":"Pace","savedValue":"TREAD","desc":"Pace","meta":"     "},{"word":"cable","x":5,"y":0,"id":3,"info":"Nautical unit of depth","savedValue":"CABLE","desc":"Nautical unit of depth","meta":"     "},{"word":"lobster","x":7,"y":0,"id":4,"info":"Edible crustacean","savedValue":"LOBSTER","desc":"Edible crustacean","meta":"       "},{"word":"supernova","x":10,"y":0,"id":5,"info":"Star that explodes","savedValue":"SUPERNOVA","desc":"Star that explodes","meta":"         "},{"word":"sedate","x":12,"y":0,"id":6,"info":"Tranquil","savedValue":"SEDATE","desc":"Tranquil","meta":"      "},{"word":"embarrass","x":2,"y":4,"id":11,"info":"Cause to feel self-conscious","savedValue":"EMBARRASS","desc":"Cause to feel self-conscious","meta":"         "},{"word":"sawmill","x":5,"y":6,"id":14,"info":"Building for the preparation of logs and lumber","savedValue":"SAWMILL","desc":"Building for the preparation of logs and lumber","meta":"       "},{"word":"gypsum","x":0,"y":7,"id":16,"info":"Mineral used o make plaster","savedValue":"GYPSUM","desc":"Mineral used o make plaster","meta":"      "},{"word":"nomads","x":12,"y":7,"id":17,"info":"Wandering tribesmen","savedValue":"NOMADS","desc":"Wandering tribesmen","meta":"      "},{"word":"aorta","x":7,"y":8,"id":19,"info":"Largest artery of the body","savedValue":"AORTA","desc":"Largest artery of the body","meta":"     "},{"word":"sedge","x":9,"y":8,"id":20,"info":"Grasslike marsh plant","savedValue":"SEDGE","desc":"Grasslike marsh plant","meta":"     "}],"hints":0,"isNew":false,"isSolved":true,"name":"40","percentage":100,"seconds":1067,"solvedCount":26}