{"words_hor":[{"word":"shaft","x":0,"y":0,"id":1,"info":"Aggressive remark directed at a person like a missile","savedValue":"SHAFT","desc":"Aggressive remark directed at a person like a missile","meta":"     "},{"word":"sash","x":9,"y":0,"id":5,"info":"Girdle","savedValue":"SASH","desc":"Girdle","meta":"    "},{"word":"oblate","x":4,"y":1,"id":7,"info":"Of a sphere, flattened at opposite sides","savedValue":"OBLATE","desc":"Of a sphere, flattened at opposite sides","meta":"      "},{"word":"after","x":0,"y":2,"id":8,"info":"Behind","savedValue":"AFTER","desc":"Behind","meta":"     "},{"word":"political","x":4,"y":3,"id":9,"info":"Relating to the profession of governing","savedValue":"POLITICAL","desc":"Relating to the profession of governing","meta":"         "},{"word":"sin","x":0,"y":4,"id":10,"info":"Immoral act","savedValue":"SIN","desc":"Immoral act","meta":"   "},{"word":"dedicated","x":4,"y":5,"id":11,"info":"Devoted to a cause or purpose","savedValue":"DEDICATED","desc":"Devoted to a cause or purpose","meta":"         "},{"word":"pacemaker","x":0,"y":7,"id":15,"info":"Implanted device that controls heartbeat","savedValue":"PACEMAKER","desc":"Implanted device that controls heartbeat","meta":"         "},{"word":"eve","x":10,"y":8,"id":19,"info":"Adam's wife","savedValue":"EVE","desc":"Adam's wife","meta":"   "},{"word":"religious","x":0,"y":9,"id":20,"info":"God-fearing","savedValue":"RELIGIOUS","desc":"God-fearing","meta":"         "},{"word":"scant","x":8,"y":10,"id":21,"info":"Less than the correct amount","savedValue":"SCANT","desc":"Less than the correct amount","meta":"     "},{"word":"entice","x":3,"y":11,"id":22,"info":"Beguile","savedValue":"ENTICE","desc":"Beguile","meta":"      "},{"word":"vein","x":0,"y":12,"id":23,"info":"Blood vessel","savedValue":"VEIN","desc":"Blood vessel","meta":"    "},{"word":"tweed","x":8,"y":12,"id":24,"info":"Thick woollen fabric","savedValue":"TWEED","desc":"Thick woollen fabric","meta":"     "}],"words_ver":[{"word":"sparse","x":0,"y":0,"id":1,"info":"Not dense","savedValue":"SPARSE","desc":"Not dense","meta":"      "},{"word":"attune","x":2,"y":0,"id":2,"info":"Adjust or accustom to","savedValue":"ATTUNE","desc":"Adjust or accustom to","meta":"      "},{"word":"torpid","x":4,"y":0,"id":3,"info":"Inert","savedValue":"TORPID","desc":"Inert","meta":"      "},{"word":"maritime","x":7,"y":0,"id":4,"info":"Nautical","savedValue":"MARITIME","desc":"Nautical","meta":"        "},{"word":"seminar","x":9,"y":0,"id":5,"info":"Meeting for an exchange of ideas","savedValue":"SEMINAR","desc":"Meeting for an exchange of ideas","meta":"       "},{"word":"scraped","x":11,"y":0,"id":6,"info":"Abraded","savedValue":"SCRAPED","desc":"Abraded","meta":"       "},{"word":"emaciate","x":5,"y":5,"id":12,"info":"Cause to grow thin or weak","savedValue":"EMACIATE","desc":"Cause to grow thin or weak","meta":"        "},{"word":"layette","x":1,"y":6,"id":13,"info":"Outfit (clothing and accessories) for a new baby","savedValue":"LAYETTE","desc":"Outfit (clothing and accessories) for a new baby","meta":"       "},{"word":"denizen","x":3,"y":6,"id":14,"info":"Inhabitant","savedValue":"DENIZEN","desc":"Inhabitant","meta":"       "},{"word":"russet","x":8,"y":7,"id":16,"info":"Brown with a reddish tinge","savedValue":"RUSSET","desc":"Brown with a reddish tinge","meta":"      "},{"word":"menace","x":10,"y":7,"id":17,"info":"Threat","savedValue":"MENACE","desc":"Threat","meta":"      "},{"word":"rented","x":12,"y":7,"id":18,"info":"Hired","savedValue":"RENTED","desc":"Hired","meta":"      "}],"hints":0,"isNew":false,"isSolved":true,"name":"41","percentage":100,"seconds":1608,"solvedCount":26}