{"words_hor":[{"word":"costs","x":0,"y":0,"id":1,"info":"Prices","savedValue":"COSTS","desc":"Prices","meta":"     "},{"word":"sandbag","x":6,"y":0,"id":4,"info":"Filled sack used to protect against floodwater","savedValue":"SANDBAG","desc":"Filled sack used to protect against floodwater","meta":"       "},{"word":"air","x":0,"y":2,"id":8,"info":"Atmosphere","savedValue":"AIR","desc":"Atmosphere","meta":"   "},{"word":"melodrama","x":4,"y":2,"id":9,"info":"Extravagant theatrical piece","savedValue":"MELODRAMA","desc":"Extravagant theatrical piece","meta":"         "},{"word":"start","x":0,"y":4,"id":10,"info":"Begin","savedValue":"START","desc":"Begin","meta":"     "},{"word":"darkens","x":6,"y":4,"id":11,"info":"Dims","savedValue":"DARKENS","desc":"Dims","meta":"       "},{"word":"metamorphosis","x":0,"y":6,"id":13,"info":"Transformation of a larva into an adult","savedValue":"METAMORPHOSIS","desc":"Transformation of a larva into an adult","meta":"             "},{"word":"nemesis","x":0,"y":8,"id":15,"info":"Goddess of retribution","savedValue":"NEMESIS","desc":"Goddess of retribution","meta":"       "},{"word":"await","x":8,"y":8,"id":17,"info":"Expect","savedValue":"AWAIT","desc":"Expect","meta":"     "},{"word":"transmits","x":0,"y":10,"id":19,"info":"Sends from one place to another","savedValue":"TRANSMITS","desc":"Sends from one place to another","meta":"         "},{"word":"eva","x":10,"y":10,"id":21,"info":"Ms Braun, Hitler's mistress","savedValue":"EVA","desc":"Ms Braun, Hitler's mistress","meta":"   "},{"word":"railing","x":0,"y":12,"id":22,"info":"Part of a barrier or fence","savedValue":"RAILING","desc":"Part of a barrier or fence","meta":"       "},{"word":"lists","x":8,"y":12,"id":23,"info":"Inventories","savedValue":"LISTS","desc":"Inventories","meta":"     "}],"words_ver":[{"word":"chaos","x":0,"y":0,"id":1,"info":"Bedlam","savedValue":"CHAOS","desc":"Bedlam","meta":"     "},{"word":"servant","x":2,"y":0,"id":2,"info":"Retainer","savedValue":"SERVANT","desc":"Retainer","meta":"       "},{"word":"sometimes","x":4,"y":0,"id":3,"info":"Occasionally","savedValue":"SOMETIMES","desc":"Occasionally","meta":"         "},{"word":"saladdressing","x":6,"y":0,"id":4,"info":"Savoury accompaniment such as vinaigrette or mayonnaise (5,8)","savedValue":"SALADDRESSING","desc":"Savoury accompaniment such as vinaigrette or mayonnaise (5,8)","meta":"             "},{"word":"ned","x":8,"y":0,"id":5,"info":"___ Kelly, Famous 19th century Australian bushranger","savedValue":"NED","desc":"___ Kelly, Famous 19th century Australian bushranger","meta":"   "},{"word":"blase","x":10,"y":0,"id":6,"info":"Lacking enthusiasm or concern","savedValue":"BLASE","desc":"Lacking enthusiasm or concern","meta":"     "},{"word":"glasses","x":12,"y":0,"id":7,"info":"Spectacles","savedValue":"GLASSES","desc":"Spectacles","meta":"       "},{"word":"rehearsal","x":8,"y":4,"id":12,"info":"Practice","savedValue":"REHEARSAL","desc":"Practice","meta":"         "},{"word":"monitor","x":0,"y":6,"id":13,"info":"Watch","savedValue":"MONITOR","desc":"Watch","meta":"       "},{"word":"sealegs","x":10,"y":6,"id":14,"info":"Ability to walk steadily on the deck of a pitching ship (3,4)","savedValue":"SEALEGS","desc":"Ability to walk steadily on the deck of a pitching ship (3,4)","meta":"       "},{"word":"miami","x":2,"y":8,"id":16,"info":"Florida resort","savedValue":"MIAMI","desc":"Florida resort","meta":"     "},{"word":"trays","x":12,"y":8,"id":18,"info":"Salvers","savedValue":"TRAYS","desc":"Salvers","meta":"     "},{"word":"ski","x":4,"y":10,"id":20,"info":"Glide over snow","savedValue":"SKI","desc":"Glide over snow","meta":"   "}],"hints":0,"isNew":false,"isSolved":true,"name":"42","percentage":100,"seconds":1651,"solvedCount":26}