{"words_hor":[{"word":"afghani","x":0,"y":0,"id":1,"info":"Currently used in Kabul, for example","savedValue":"AFGHANI","desc":"Currently used in Kabul, for example","meta":"       "},{"word":"attic","x":8,"y":0,"id":5,"info":"Garret","savedValue":"ATTIC","desc":"Garret","meta":"     "},{"word":"restoration","x":0,"y":2,"id":8,"info":"Refurbishment","savedValue":"RESTORATION","desc":"Refurbishment","meta":"           "},{"word":"assay","x":0,"y":4,"id":9,"info":"Put to the test","savedValue":"ASSAY","desc":"Put to the test","meta":"     "},{"word":"actress","x":6,"y":4,"id":11,"info":"Female stage performer","savedValue":"ACTRESS","desc":"Female stage performer","meta":"       "},{"word":"sermon","x":0,"y":6,"id":13,"info":"Discourse","savedValue":"SERMON","desc":"Discourse","meta":"      "},{"word":"modish","x":7,"y":6,"id":14,"info":"In vogue","savedValue":"MODISH","desc":"In vogue","meta":"      "},{"word":"fuchsia","x":0,"y":8,"id":17,"info":"Reddish-purple colour","savedValue":"FUCHSIA","desc":"Reddish-purple colour","meta":"       "},{"word":"ideal","x":8,"y":8,"id":18,"info":"Paragon","savedValue":"IDEAL","desc":"Paragon","meta":"     "},{"word":"unwillingly","x":2,"y":10,"id":19,"info":"With reluctance","savedValue":"UNWILLINGLY","desc":"With reluctance","meta":"           "},{"word":"guess","x":0,"y":12,"id":22,"info":"Conjecture","savedValue":"GUESS","desc":"Conjecture","meta":"     "},{"word":"regimen","x":6,"y":12,"id":23,"info":"Systematic plan for therapy, often including diet","savedValue":"REGIMEN","desc":"Systematic plan for therapy, often including diet","meta":"       "}],"words_ver":[{"word":"arrears","x":0,"y":0,"id":1,"info":"State of being behind in payments","savedValue":"ARREARS","desc":"State of being behind in payments","meta":"       "},{"word":"gas","x":2,"y":0,"id":2,"info":"Carbon dioxide, for example","savedValue":"GAS","desc":"Carbon dioxide, for example","meta":"   "},{"word":"anonymous","x":4,"y":0,"id":3,"info":"Having no known name","savedValue":"ANONYMOUS","desc":"Having no known name","meta":"         "},{"word":"inaway","x":6,"y":0,"id":4,"info":"Sort of (2,1,3)","savedValue":"INAWAY","desc":"Sort of (2,1,3)","meta":"      "},{"word":"ali","x":8,"y":0,"id":5,"info":"Muhammad ___, boxer","savedValue":"ALI","desc":"Muhammad ___, boxer","meta":"   "},{"word":"tangerine","x":10,"y":0,"id":6,"info":"Small orange","savedValue":"TANGERINE","desc":"Small orange","meta":"         "},{"word":"cross","x":12,"y":0,"id":7,"info":"Emblem of Christianity ","savedValue":"CROSS","desc":"Emblem of Christianity ","meta":"     "},{"word":"structure","x":2,"y":4,"id":10,"info":"Building","savedValue":"STRUCTURE","desc":"Building","meta":"         "},{"word":"twotiming","x":8,"y":4,"id":12,"info":"Not being faithful to a spouse or lover (3-6)","savedValue":"TWOTIMING","desc":"Not being faithful to a spouse or lover (3-6)","meta":"         "},{"word":"halcyon","x":12,"y":6,"id":15,"info":"Idyllically calm and peaceful","savedValue":"HALCYON","desc":"Idyllically calm and peaceful","meta":"       "},{"word":"caller","x":6,"y":7,"id":16,"info":"Visitor","savedValue":"CALLER","desc":"Visitor","meta":"      "},{"word":"flung","x":0,"y":8,"id":17,"info":"Tossed carelessly","savedValue":"FLUNG","desc":"Tossed carelessly","meta":"     "},{"word":"was","x":4,"y":10,"id":20,"info":"Existed, lived","savedValue":"WAS","desc":"Existed, lived","meta":"   "},{"word":"gem","x":10,"y":10,"id":21,"info":"Precious stone","savedValue":"GEM","desc":"Precious stone","meta":"   "}],"hints":0,"isNew":false,"isSolved":true,"name":"43","percentage":100,"seconds":956,"solvedCount":26}