{"words_hor":[{"word":"dissected","x":0,"y":0,"id":1,"info":"Cut apart for analysis","savedValue":"DISSECTED","desc":"Cut apart for analysis","meta":"         "},{"word":"sea","x":10,"y":0,"id":5,"info":"Body of water","savedValue":"SEA","desc":"Body of water","meta":"   "},{"word":"chaser","x":0,"y":2,"id":7,"info":"One in pursuit","savedValue":"CHASER","desc":"One in pursuit","meta":"      "},{"word":"iguana","x":7,"y":2,"id":8,"info":"Herbivorous lizard of tropical America","savedValue":"IGUANA","desc":"Herbivorous lizard of tropical America","meta":"      "},{"word":"goat","x":1,"y":4,"id":10,"info":"Caprine animal","savedValue":"GOAT","desc":"Caprine animal","meta":"    "},{"word":"protest","x":6,"y":4,"id":11,"info":"Dissent","savedValue":"PROTEST","desc":"Dissent","meta":"       "},{"word":"crucify","x":3,"y":6,"id":13,"info":"Kill by nailing onto a cross","savedValue":"CRUCIFY","desc":"Kill by nailing onto a cross","meta":"       "},{"word":"trapeze","x":0,"y":8,"id":17,"info":"Acrobat's swing","savedValue":"TRAPEZE","desc":"Acrobat's swing","meta":"       "},{"word":"rook","x":8,"y":8,"id":19,"info":"Chess piece","savedValue":"ROOK","desc":"Chess piece","meta":"    "},{"word":"marked","x":0,"y":10,"id":21,"info":"Branded","savedValue":"MARKED","desc":"Branded","meta":"      "},{"word":"peseta","x":7,"y":10,"id":22,"info":"Formerly the basic unit of money in Spain","savedValue":"PESETA","desc":"Formerly the basic unit of money in Spain","meta":"      "},{"word":"dad","x":0,"y":12,"id":23,"info":"Papa","savedValue":"DAD","desc":"Papa","meta":"   "},{"word":"telescope","x":4,"y":12,"id":24,"info":"Magnifier of distant objects","savedValue":"TELESCOPE","desc":"Magnifier of distant objects","meta":"         "}],"words_ver":[{"word":"duck","x":0,"y":0,"id":1,"info":"Aquatic bird","savedValue":"DUCK","desc":"Aquatic bird","meta":"    "},{"word":"shadow","x":2,"y":0,"id":2,"info":"Trace","savedValue":"SHADOW","desc":"Trace","meta":"      "},{"word":"elector","x":4,"y":0,"id":3,"info":"Citizen who has a legal right to vote","savedValue":"ELECTOR","desc":"Citizen who has a legal right to vote","meta":"       "},{"word":"doggo","x":8,"y":0,"id":4,"info":"Quietly in concealment","savedValue":"DOGGO","desc":"Quietly in concealment","meta":"     "},{"word":"stamen","x":10,"y":0,"id":5,"info":"Pollen-producer","savedValue":"STAMEN","desc":"Pollen-producer","meta":"      "},{"word":"abattoir","x":12,"y":0,"id":6,"info":"Slaughterhouse","savedValue":"ABATTOIR","desc":"Slaughterhouse","meta":"        "},{"word":"species","x":6,"y":3,"id":9,"info":"On the Origin of ___, work by Charles Darwin","savedValue":"SPECIES","desc":"On the Origin of ___, work by Charles Darwin","meta":"       "},{"word":"illtimed","x":0,"y":5,"id":12,"info":"Unseasonable (3-5)","savedValue":"ILLTIMED","desc":"Unseasonable (3-5)","meta":"        "},{"word":"forceps","x":8,"y":6,"id":14,"info":"Surgeon's pincers","savedValue":"FORCEPS","desc":"Surgeon's pincers","meta":"       "},{"word":"sacred","x":2,"y":7,"id":15,"info":"Connected with God","savedValue":"SACRED","desc":"Connected with God","meta":"      "},{"word":"bolero","x":10,"y":7,"id":16,"info":"Short jacket","savedValue":"BOLERO","desc":"Short jacket","meta":"      "},{"word":"erect","x":4,"y":8,"id":18,"info":"Perpendicular","savedValue":"ERECT","desc":"Perpendicular","meta":"     "},{"word":"babe","x":12,"y":9,"id":20,"info":"Sexually attractive young woman (informal)","savedValue":"BABE","desc":"Sexually attractive young woman (informal)","meta":"    "}],"hints":0,"isNew":false,"isSolved":true,"name":"44","percentage":100,"seconds":601,"solvedCount":26}