{"words_hor":[{"word":"causes","x":0,"y":0,"id":1,"info":"Gives rise to, induces","savedValue":"CAUSES","desc":"Gives rise to, induces","meta":"      "},{"word":"superb","x":7,"y":0,"id":5,"info":"Marvellous","savedValue":"SUPERB","desc":"Marvellous","meta":"      "},{"word":"lama","x":0,"y":2,"id":8,"info":"Tibetan or Mongolian priest","savedValue":"LAMA","desc":"Tibetan or Mongolian priest","meta":"    "},{"word":"agitated","x":5,"y":2,"id":9,"info":"Disturbed, charged up","savedValue":"AGITATED","desc":"Disturbed, charged up","meta":"        "},{"word":"badly","x":0,"y":4,"id":10,"info":"In a poor way","savedValue":"BADLY","desc":"In a poor way","meta":"     "},{"word":"stetson","x":6,"y":4,"id":11,"info":"Cowboy's hat","savedValue":"STETSON","desc":"Cowboy's hat","meta":"       "},{"word":"stupor","x":0,"y":6,"id":14,"info":"Dazed state","savedValue":"STUPOR","desc":"Dazed state","meta":"      "},{"word":"survey","x":7,"y":6,"id":15,"info":"Critical inspection","savedValue":"SURVEY","desc":"Critical inspection","meta":"      "},{"word":"protect","x":0,"y":8,"id":17,"info":"Shield from danger","savedValue":"PROTECT","desc":"Shield from danger","meta":"       "},{"word":"speak","x":8,"y":8,"id":19,"info":"Be fluent in ","savedValue":"SPEAK","desc":"Be fluent in ","meta":"     "},{"word":"overstep","x":0,"y":10,"id":21,"info":"Go beyond, transgress","savedValue":"OVERSTEP","desc":"Go beyond, transgress","meta":"        "},{"word":"ibis","x":9,"y":10,"id":23,"info":"Wading bird","savedValue":"IBIS","desc":"Wading bird","meta":"    "},{"word":"earwig","x":0,"y":12,"id":24,"info":"Common garden insect","savedValue":"EARWIG","desc":"Common garden insect","meta":"      "},{"word":"staves","x":7,"y":12,"id":25,"info":"Lines on which musical notes are written","savedValue":"STAVES","desc":"Lines on which musical notes are written","meta":"      "}],"words_ver":[{"word":"alabaster","x":1,"y":0,"id":2,"info":"Onyx marble","savedValue":"ALABASTER","desc":"Onyx marble","meta":"         "},{"word":"scallop","x":3,"y":0,"id":3,"info":"Potato slice cooked in batter","savedValue":"SCALLOP","desc":"Potato slice cooked in batter","meta":"       "},{"word":"slam","x":5,"y":0,"id":4,"info":"Close violently","savedValue":"SLAM","desc":"Close violently","meta":"    "},{"word":"skittish","x":7,"y":0,"id":5,"info":"Unpredictably excitable","savedValue":"SKITTISH","desc":"Unpredictably excitable","meta":"        "},{"word":"plait","x":9,"y":0,"id":6,"info":"Braid of hair","savedValue":"PLAIT","desc":"Braid of hair","meta":"     "},{"word":"rye","x":11,"y":0,"id":7,"info":"Cereal crop","savedValue":"RYE","desc":"Cereal crop","meta":"   "},{"word":"operative","x":11,"y":4,"id":12,"info":"Being in force","savedValue":"OPERATIVE","desc":"Being in force","meta":"         "},{"word":"pricetag","x":5,"y":5,"id":13,"info":"Label showing the cost of an article (5,3)","savedValue":"PRICETAG","desc":"Label showing the cost of an article (5,3)","meta":"        "},{"word":"replica","x":9,"y":6,"id":16,"info":"Reproduction","savedValue":"REPLICA","desc":"Reproduction","meta":"       "},{"word":"threw","x":3,"y":8,"id":18,"info":"Chucked","savedValue":"THREW","desc":"Chucked","meta":"     "},{"word":"opus","x":7,"y":9,"id":20,"info":"Musical composition","savedValue":"OPUS","desc":"Musical composition","meta":"    "},{"word":"via","x":1,"y":10,"id":22,"info":"By means of","savedValue":"VIA","desc":"By means of","meta":"   "}],"hints":0,"isNew":false,"isSolved":true,"name":"45","percentage":100,"seconds":1348,"solvedCount":26}