{"words_hor":[{"word":"exclusively","x":0,"y":0,"id":1,"info":"Without any others being included or involved","savedValue":"EXCLUSIVELY","desc":"Without any others being included or involved","meta":"           "},{"word":"urn","x":10,"y":1,"id":7,"info":"Container for ashes","savedValue":"URN","desc":"Container for ashes","meta":"   "},{"word":"verdigris","x":0,"y":2,"id":8,"info":"Patina often seen on copper","savedValue":"VERDIGRIS","desc":"Patina often seen on copper","meta":"         "},{"word":"scooter","x":0,"y":4,"id":9,"info":"Child's two-wheeled vehicle operated by foot","savedValue":"SCOOTER","desc":"Child's two-wheeled vehicle operated by foot","meta":"       "},{"word":"llama","x":8,"y":4,"id":11,"info":"Andean mammal","savedValue":"LLAMA","desc":"Andean mammal","meta":"     "},{"word":"adrift","x":0,"y":6,"id":14,"info":"Floating aimlessly","savedValue":"ADRIFT","desc":"Floating aimlessly","meta":"      "},{"word":"tangle","x":7,"y":6,"id":15,"info":"Entwine","savedValue":"TANGLE","desc":"Entwine","meta":"      "},{"word":"strap","x":0,"y":8,"id":16,"info":"Beat with a piece of leather","savedValue":"STRAP","desc":"Beat with a piece of leather","meta":"     "},{"word":"science","x":6,"y":8,"id":19,"info":"Study of the physical world","savedValue":"SCIENCE","desc":"Study of the physical world","meta":"       "},{"word":"semantics","x":4,"y":10,"id":21,"info":"Area of linguistics concerned with the meanings of words","savedValue":"SEMANTICS","desc":"Area of linguistics concerned with the meanings of words","meta":"         "},{"word":"apt","x":0,"y":11,"id":23,"info":"Appropriate","savedValue":"APT","desc":"Appropriate","meta":"   "},{"word":"steamengine","x":2,"y":12,"id":24,"info":"Type of railway locomotive (5, 6)","savedValue":"STEAMENGINE","desc":"Type of railway locomotive (5, 6)","meta":"           "}],"words_ver":[{"word":"elves","x":0,"y":0,"id":1,"info":"Mischievous fairies","savedValue":"ELVES","desc":"Mischievous fairies","meta":"     "},{"word":"lad","x":3,"y":0,"id":2,"info":"Boy","savedValue":"LAD","desc":"Boy","meta":"   "},{"word":"suggests","x":5,"y":0,"id":3,"info":"Makes a proposal","savedValue":"SUGGESTS","desc":"Makes a proposal","meta":"        "},{"word":"easel","x":8,"y":0,"id":4,"info":"Artist's tripod","savedValue":"EASEL","desc":"Artist's tripod","meta":"     "},{"word":"yucca","x":10,"y":0,"id":5,"info":"Spiky tropical plant","savedValue":"YUCCA","desc":"Spiky tropical plant","meta":"     "},{"word":"enclave","x":12,"y":0,"id":6,"info":"Territorial dominion","savedValue":"ENCLAVE","desc":"Territorial dominion","meta":"       "},{"word":"ouija","x":3,"y":4,"id":10,"info":"Board used as a planchette","savedValue":"OUIJA","desc":"Board used as a planchette","meta":"     "},{"word":"lance","x":9,"y":4,"id":12,"info":"Cavalry weapon","savedValue":"LANCE","desc":"Cavalry weapon","meta":"     "},{"word":"stockade","x":7,"y":5,"id":13,"info":"Fortification fenced with a line of stout posts","savedValue":"STOCKADE","desc":"Fortification fenced with a line of stout posts","meta":"        "},{"word":"arsenal","x":0,"y":6,"id":14,"info":"Weapon store","savedValue":"ARSENAL","desc":"Weapon store","meta":"       "},{"word":"roots","x":2,"y":8,"id":17,"info":"Sources","savedValue":"ROOTS","desc":"Sources","meta":"     "},{"word":"passe","x":4,"y":8,"id":18,"info":"Out of fashion","savedValue":"PASSE","desc":"Out of fashion","meta":"     "},{"word":"ensue","x":12,"y":8,"id":20,"info":"End in a particular way","savedValue":"ENSUE","desc":"End in a particular way","meta":"     "},{"word":"tag","x":9,"y":10,"id":22,"info":"Children's game","savedValue":"TAG","desc":"Children's game","meta":"   "}],"hints":0,"isNew":false,"isSolved":true,"name":"46","percentage":100,"seconds":1280,"solvedCount":26}