{"words_hor":[{"word":"dais","x":0,"y":0,"id":1,"info":"Platform","savedValue":"DAIS","desc":"Platform","meta":"    "},{"word":"repeated","x":5,"y":0,"id":3,"info":"Recurring again and again","savedValue":"REPEATED","desc":"Recurring again and again","meta":"        "},{"word":"alarming","x":0,"y":2,"id":7,"info":"Causing apprehension or consternation","savedValue":"ALARMING","desc":"Causing apprehension or consternation","meta":"        "},{"word":"alga","x":9,"y":2,"id":8,"info":"Primitive chlorophyll-containing, mainly aquatic organism","savedValue":"ALGA","desc":"Primitive chlorophyll-containing, mainly aquatic organism","meta":"    "},{"word":"escudo","x":0,"y":4,"id":9,"info":"Former monetary unit of Portugal","savedValue":"ESCUDO","desc":"Former monetary unit of Portugal","meta":"      "},{"word":"ranger","x":7,"y":4,"id":10,"info":"Forest fire fighter","savedValue":"RANGER","desc":"Forest fire fighter","meta":"      "},{"word":"basis","x":1,"y":6,"id":11,"info":"Foundation","savedValue":"BASIS","desc":"Foundation","meta":"     "},{"word":"world","x":7,"y":6,"id":12,"info":"Globe, planet","savedValue":"WORLD","desc":"Globe, planet","meta":"     "},{"word":"inlaws","x":0,"y":8,"id":15,"info":"Relatives by marriage (2-4)","savedValue":"INLAWS","desc":"Relatives by marriage (2-4)","meta":"      "},{"word":"recipe","x":7,"y":8,"id":18,"info":"Directions for cooking something","savedValue":"RECIPE","desc":"Directions for cooking something","meta":"      "},{"word":"hero","x":0,"y":10,"id":19,"info":"Brave man","savedValue":"HERO","desc":"Brave man","meta":"    "},{"word":"gracious","x":5,"y":10,"id":20,"info":"Characterised by charm and generosity of spirit","savedValue":"GRACIOUS","desc":"Characterised by charm and generosity of spirit","meta":"        "},{"word":"escalate","x":0,"y":12,"id":21,"info":"Increase in extent or intensity","savedValue":"ESCALATE","desc":"Increase in extent or intensity","meta":"        "},{"word":"tire","x":9,"y":12,"id":22,"info":"Grow weary","savedValue":"TIRE","desc":"Grow weary","meta":"    "}],"words_ver":[{"word":"dealer","x":0,"y":0,"id":1,"info":"Distributor of playing cards","savedValue":"DEALER","desc":"Distributor of playing cards","meta":"      "},{"word":"strauss","x":3,"y":0,"id":2,"info":"Austrian composer of waltzes","savedValue":"STRAUSS","desc":"Austrian composer of waltzes","meta":"       "},{"word":"ruinous","x":5,"y":0,"id":3,"info":"Calamitous","savedValue":"RUINOUS","desc":"Calamitous","meta":"       "},{"word":"pager","x":7,"y":0,"id":4,"info":"Electronic device that generates a series of beeps","savedValue":"PAGER","desc":"Electronic device that generates a series of beeps","meta":"     "},{"word":"again","x":9,"y":0,"id":5,"info":"Another time","savedValue":"AGAIN","desc":"Another time","meta":"     "},{"word":"egghead","x":11,"y":0,"id":6,"info":"Intellectual person","savedValue":"EGGHEAD","desc":"Intellectual person","meta":"       "},{"word":"banners","x":1,"y":6,"id":11,"info":"Pennants, streamers","savedValue":"BANNERS","desc":"Pennants, streamers","meta":"       "},{"word":"warfare","x":7,"y":6,"id":12,"info":"Military conflict","savedValue":"WARFARE","desc":"Military conflict","meta":"       "},{"word":"receipt","x":9,"y":6,"id":13,"info":"Sales slip","savedValue":"RECEIPT","desc":"Sales slip","meta":"       "},{"word":"lessee","x":12,"y":7,"id":14,"info":"Tenant","savedValue":"LESSEE","desc":"Tenant","meta":"      "},{"word":"aroma","x":3,"y":8,"id":16,"info":"Bouquet","savedValue":"AROMA","desc":"Bouquet","meta":"     "},{"word":"sigma","x":5,"y":8,"id":17,"info":"Eighteenth letter of the Greek alphabet","savedValue":"SIGMA","desc":"Eighteenth letter of the Greek alphabet","meta":"     "}],"hints":0,"isNew":false,"isSolved":true,"name":"47","percentage":100,"seconds":946,"solvedCount":26}