{"words_hor":[{"word":"seed","x":0,"y":0,"id":1,"info":"Small hard fruit","savedValue":"SEED","desc":"Small hard fruit","meta":"    "},{"word":"barracks","x":5,"y":0,"id":3,"info":"Building used to house military personnel","savedValue":"BARRACKS","desc":"Building used to house military personnel","meta":"        "},{"word":"illwill","x":0,"y":2,"id":9,"info":"Enmity (3,4)","savedValue":"ILLWILL","desc":"Enmity (3,4)","meta":"       "},{"word":"moral","x":8,"y":2,"id":10,"info":"Principles of right and wrong behaviour","savedValue":"MORAL","desc":"Principles of right and wrong behaviour","meta":"     "},{"word":"music","x":0,"y":4,"id":11,"info":"Harmonious sounds","savedValue":"MUSIC","desc":"Harmonious sounds","meta":"     "},{"word":"runriot","x":6,"y":4,"id":12,"info":"Act wildly or without restraint (3,4)","savedValue":"RUNRIOT","desc":"Act wildly or without restraint (3,4)","meta":"       "},{"word":"rushed","x":0,"y":6,"id":13,"info":"Move with urgent haste","savedValue":"RUSHED","desc":"Move with urgent haste","meta":"      "},{"word":"haggis","x":7,"y":6,"id":15,"info":"Scottish dish","savedValue":"HAGGIS","desc":"Scottish dish","meta":"      "},{"word":"knowing","x":0,"y":8,"id":18,"info":"Having information or understanding","savedValue":"KNOWING","desc":"Having information or understanding","meta":"       "},{"word":"debar","x":8,"y":8,"id":19,"info":"Prevent from entering","savedValue":"DEBAR","desc":"Prevent from entering","meta":"     "},{"word":"remit","x":0,"y":10,"id":21,"info":"Send (payment)","savedValue":"REMIT","desc":"Send (payment)","meta":"     "},{"word":"iterate","x":6,"y":10,"id":22,"info":"Utter repeatedly","savedValue":"ITERATE","desc":"Utter repeatedly","meta":"       "},{"word":"vineyard","x":0,"y":12,"id":23,"info":"Place where grapes are grown","savedValue":"VINEYARD","desc":"Place where grapes are grown","meta":"        "},{"word":"fort","x":9,"y":12,"id":24,"info":"Military stronghold","savedValue":"FORT","desc":"Military stronghold","meta":"    "}],"words_ver":[{"word":"shimmer","x":0,"y":0,"id":1,"info":"Shine with a weak or fitful light","savedValue":"SHIMMER","desc":"Shine with a weak or fitful light","meta":"       "},{"word":"ellis","x":2,"y":0,"id":2,"info":"Welcoming Island","savedValue":"ELLIS","desc":"Welcoming Island","meta":"     "},{"word":"allure","x":6,"y":0,"id":4,"info":"Tempt","savedValue":"ALLURE","desc":"Tempt","meta":"      "},{"word":"romancandles","x":8,"y":0,"id":5,"info":"Cylindrical fireworks (5,7)","savedValue":"ROMANCANDLES","desc":"Cylindrical fireworks (5,7)","meta":"            "},{"word":"curling","x":10,"y":0,"id":6,"info":"Game played on ice","savedValue":"CURLING","desc":"Game played on ice","meta":"       "},{"word":"split","x":12,"y":0,"id":7,"info":"Cleave","savedValue":"SPLIT","desc":"Cleave","meta":"     "},{"word":"biochemistry","x":4,"y":1,"id":8,"info":"Science of living things","savedValue":"BIOCHEMISTRY","desc":"Science of living things","meta":"            "},{"word":"showman","x":2,"y":6,"id":14,"info":"Impressario","savedValue":"SHOWMAN","desc":"Impressario","meta":"       "},{"word":"serpent","x":12,"y":6,"id":16,"info":"Snake","savedValue":"SERPENT","desc":"Snake","meta":"       "},{"word":"uglier","x":6,"y":7,"id":17,"info":"Less attractive","savedValue":"UGLIER","desc":"Less attractive","meta":"      "},{"word":"kirov","x":0,"y":8,"id":18,"info":"Russian city on the Vyatka River","savedValue":"KIROV","desc":"Russian city on the Vyatka River","meta":"     "},{"word":"bravo","x":10,"y":8,"id":20,"info":"Well done!","savedValue":"BRAVO","desc":"Well done!","meta":"     "}],"hints":0,"isNew":false,"isSolved":true,"name":"48","percentage":100,"seconds":1233,"solvedCount":26}