{"words_hor":[{"word":"abrupt","x":0,"y":0,"id":1,"info":"Exceedingly sudden and unexpected","savedValue":"ABRUPT","desc":"Exceedingly sudden and unexpected","meta":"      "},{"word":"mineral","x":6,"y":1,"id":7,"info":"Ore","savedValue":"MINERAL","desc":"Ore","meta":"       "},{"word":"bygone","x":0,"y":2,"id":8,"info":"Well in the past","savedValue":"BYGONE","desc":"Well in the past","meta":"      "},{"word":"letters","x":6,"y":3,"id":9,"info":"Alphabetic characters","savedValue":"LETTERS","desc":"Alphabetic characters","meta":"       "},{"word":"junior","x":0,"y":4,"id":10,"info":"Lower in rank","savedValue":"JUNIOR","desc":"Lower in rank","meta":"      "},{"word":"admit","x":5,"y":5,"id":13,"info":"Acknowledge","savedValue":"ADMIT","desc":"Acknowledge","meta":"     "},{"word":"lace","x":0,"y":6,"id":15,"info":"Delicate, woven and decorative fabric","savedValue":"LACE","desc":"Delicate, woven and decorative fabric","meta":"    "},{"word":"idle","x":9,"y":6,"id":16,"info":"Inactive","savedValue":"IDLE","desc":"Inactive","meta":"    "},{"word":"bless","x":3,"y":7,"id":17,"info":"Consecrate","savedValue":"BLESS","desc":"Consecrate","meta":"     "},{"word":"shears","x":7,"y":8,"id":18,"info":"Gardening scissors","savedValue":"SHEARS","desc":"Gardening scissors","meta":"      "},{"word":"frailty","x":0,"y":9,"id":21,"info":"Feebleness","savedValue":"FRAILTY","desc":"Feebleness","meta":"       "},{"word":"kuwait","x":7,"y":10,"id":23,"info":"Arab kingdom on the Persian Gulf","savedValue":"KUWAIT","desc":"Arab kingdom on the Persian Gulf","meta":"      "},{"word":"slither","x":0,"y":11,"id":24,"info":"Slide unobtrusively","savedValue":"SLITHER","desc":"Slide unobtrusively","meta":"       "},{"word":"stolen","x":7,"y":12,"id":25,"info":"Purloined","savedValue":"STOLEN","desc":"Purloined","meta":"      "}],"words_ver":[{"word":"bayou","x":1,"y":0,"id":2,"info":"Slow-moving outlet of a lake","savedValue":"BAYOU","desc":"Slow-moving outlet of a lake","meta":"     "},{"word":"pinto","x":4,"y":0,"id":3,"info":"Spotted or calico horse","savedValue":"PINTO","desc":"Spotted or calico horse","meta":"     "},{"word":"dive","x":7,"y":0,"id":4,"info":"Plunge","savedValue":"DIVE","desc":"Plunge","meta":"    "},{"word":"tentative","x":9,"y":0,"id":5,"info":"Cautious","savedValue":"TENTATIVE","desc":"Cautious","meta":"         "},{"word":"closeness","x":12,"y":0,"id":6,"info":"Proximity","savedValue":"CLOSENESS","desc":"Proximity","meta":"         "},{"word":"jellyfish","x":0,"y":4,"id":10,"info":"Marine creature such as the Portuguese man-of-war","savedValue":"JELLYFISH","desc":"Marine creature such as the Portuguese man-of-war","meta":"         "},{"word":"inebriate","x":3,"y":4,"id":11,"info":"Chronic drinker","savedValue":"INEBRIATE","desc":"Chronic drinker","meta":"         "},{"word":"raze","x":5,"y":4,"id":12,"info":"Level to the ground","savedValue":"RAZE","desc":"Level to the ground","meta":"    "},{"word":"miss","x":7,"y":5,"id":14,"info":"Fail to hit","savedValue":"MISS","desc":"Fail to hit","meta":"    "},{"word":"haunt","x":8,"y":8,"id":19,"info":"Pursue like a ghost","savedValue":"HAUNT","desc":"Pursue like a ghost","meta":"     "},{"word":"rhine","x":11,"y":8,"id":20,"info":"River flowing into the North Sea","savedValue":"RHINE","desc":"River flowing into the North Sea","meta":"     "},{"word":"teem","x":5,"y":9,"id":22,"info":"Swarm","savedValue":"TEEM","desc":"Swarm","meta":"    "}],"hints":0,"isNew":false,"isSolved":true,"name":"49","percentage":100,"seconds":1137,"solvedCount":26}