{"words_hor":[{"word":"shades","x":0,"y":0,"id":1,"info":"Shelters from light","savedValue":"SHADES","desc":"Shelters from light","meta":"      "},{"word":"edifying","x":5,"y":1,"id":7,"info":"Enlightening","savedValue":"EDIFYING","desc":"Enlightening","meta":"        "},{"word":"atom","x":0,"y":2,"id":8,"info":"Particle","savedValue":"ATOM","desc":"Particle","meta":"    "},{"word":"papers","x":2,"y":3,"id":10,"info":"Daily news publications","savedValue":"PAPERS","desc":"Daily news publications","meta":"      "},{"word":"edit","x":9,"y":3,"id":11,"info":"Make changes in text","savedValue":"EDIT","desc":"Make changes in text","meta":"    "},{"word":"label","x":0,"y":5,"id":12,"info":"Brand name","savedValue":"LABEL","desc":"Brand name","meta":"     "},{"word":"impetus","x":6,"y":5,"id":13,"info":"Driving force","savedValue":"IMPETUS","desc":"Driving force","meta":"       "},{"word":"stipple","x":0,"y":7,"id":17,"info":"Apply (paint) in small touches","savedValue":"STIPPLE","desc":"Apply (paint) in small touches","meta":"       "},{"word":"chill","x":8,"y":7,"id":19,"info":"Cool down","savedValue":"CHILL","desc":"Cool down","meta":"     "},{"word":"toss","x":0,"y":9,"id":21,"info":"Flip (a coin, for example)","savedValue":"TOSS","desc":"Flip (a coin, for example)","meta":"    "},{"word":"silica","x":5,"y":9,"id":23,"info":"Mineral such as quartz","savedValue":"SILICA","desc":"Mineral such as quartz","meta":"      "},{"word":"swat","x":9,"y":10,"id":25,"info":"Hit swiftly with a violent blow","savedValue":"SWAT","desc":"Hit swiftly with a violent blow","meta":"    "},{"word":"nameless","x":0,"y":11,"id":26,"info":"Anonymous","savedValue":"NAMELESS","desc":"Anonymous","meta":"        "},{"word":"prayer","x":7,"y":12,"id":27,"info":"Message communicated to God","savedValue":"PRAYER","desc":"Message communicated to God","meta":"      "}],"words_ver":[{"word":"shambles","x":0,"y":0,"id":1,"info":"Condition of great disorder","savedValue":"SHAMBLES","desc":"Condition of great disorder","meta":"        "},{"word":"atop","x":2,"y":0,"id":2,"info":"At the summit of","savedValue":"ATOP","desc":"At the summit of","meta":"    "},{"word":"seven","x":5,"y":0,"id":3,"info":"Number considered by some to be lucky","savedValue":"SEVEN","desc":"Number considered by some to be lucky","meta":"     "},{"word":"winsome","x":7,"y":0,"id":4,"info":"Charming in a childlike or naive way","savedValue":"WINSOME","desc":"Charming in a childlike or naive way","meta":"       "},{"word":"pyre","x":9,"y":0,"id":5,"info":"Funeral pile","savedValue":"PYRE","desc":"Funeral pile","meta":"    "},{"word":"insitu","x":11,"y":0,"id":6,"info":"Being in the original position (2,4)","savedValue":"INSITU","desc":"Being in the original position (2,4)","meta":"      "},{"word":"madeup","x":3,"y":2,"id":9,"info":"Fabricated (4,2)","savedValue":"MADEUP","desc":"Fabricated (4,2)","meta":"      "},{"word":"ethics","x":9,"y":5,"id":14,"info":"Moral principles","savedValue":"ETHICS","desc":"Moral principles","meta":"      "},{"word":"splinter","x":12,"y":5,"id":15,"info":"Sharp bit of wood","savedValue":"SPLINTER","desc":"Sharp bit of wood","meta":"        "},{"word":"plaster","x":5,"y":6,"id":16,"info":"Adhesive tape used in dressing wounds","savedValue":"PLASTER","desc":"Adhesive tape used in dressing wounds","meta":"       "},{"word":"thorax","x":1,"y":7,"id":18,"info":"Part of an insect's body that bears the wings","savedValue":"THORAX","desc":"Part of an insect's body that bears the wings","meta":"      "},{"word":"clasp","x":7,"y":8,"id":20,"info":"Embrace","savedValue":"CLASP","desc":"Embrace","meta":"     "},{"word":"shed","x":3,"y":9,"id":22,"info":"Garden building","savedValue":"SHED","desc":"Garden building","meta":"    "},{"word":"awry","x":10,"y":9,"id":24,"info":"Lopsided","savedValue":"AWRY","desc":"Lopsided","meta":"    "}],"hints":0,"isNew":false,"isSolved":true,"name":"5","percentage":100,"seconds":910,"solvedCount":28}