{"words_hor":[{"word":"vocalist","x":0,"y":0,"id":1,"info":"Singer","savedValue":"VOCALIST","desc":"Singer","meta":"        "},{"word":"sets","x":9,"y":0,"id":5,"info":"Solidifies","savedValue":"SETS","desc":"Solidifies","meta":"    "},{"word":"relapse","x":6,"y":2,"id":7,"info":"Regress","savedValue":"RELAPSE","desc":"Regress","meta":"       "},{"word":"believe","x":0,"y":3,"id":8,"info":"Take to be true","savedValue":"BELIEVE","desc":"Take to be true","meta":"       "},{"word":"wastrel","x":6,"y":4,"id":9,"info":"Spendthrift","savedValue":"WASTREL","desc":"Spendthrift","meta":"       "},{"word":"bricks","x":0,"y":5,"id":11,"info":"Rectangular blocks used to construct a wall","savedValue":"BRICKS","desc":"Rectangular blocks used to construct a wall","meta":"      "},{"word":"rosary","x":7,"y":7,"id":14,"info":"Beads used in prayer","savedValue":"ROSARY","desc":"Beads used in prayer","meta":"      "},{"word":"shyness","x":0,"y":8,"id":16,"info":"Timidity","savedValue":"SHYNESS","desc":"Timidity","meta":"       "},{"word":"copilot","x":6,"y":9,"id":18,"info":"Aviator who assists the captain of a plane","savedValue":"COPILOT","desc":"Aviator who assists the captain of a plane","meta":"       "},{"word":"observe","x":0,"y":10,"id":21,"info":"Watch attentively","savedValue":"OBSERVE","desc":"Watch attentively","meta":"       "},{"word":"fuss","x":0,"y":12,"id":22,"info":"Bother","savedValue":"FUSS","desc":"Bother","meta":"    "},{"word":"fearless","x":5,"y":12,"id":23,"info":"Unafraid","savedValue":"FEARLESS","desc":"Unafraid","meta":"        "}],"words_ver":[{"word":"verb","x":0,"y":0,"id":1,"info":"Word that denotes an action","savedValue":"VERB","desc":"Word that denotes an action","meta":"    "},{"word":"chilli","x":2,"y":0,"id":2,"info":"Very hot, tapering pepper","savedValue":"CHILLI","desc":"Very hot, tapering pepper","meta":"      "},{"word":"live","x":4,"y":0,"id":3,"info":"Exist","savedValue":"LIVE","desc":"Exist","meta":"    "},{"word":"screw","x":6,"y":0,"id":4,"info":"Fastener with a threaded shank","savedValue":"SCREW","desc":"Fastener with a threaded shank","meta":"     "},{"word":"shatters","x":9,"y":0,"id":5,"info":"Breaks into fragments","savedValue":"SHATTERS","desc":"Breaks into fragments","meta":"        "},{"word":"stealthy","x":12,"y":0,"id":6,"info":"Marked by quiet, caution and secrecy","savedValue":"STEALTHY","desc":"Marked by quiet, caution and secrecy","meta":"        "},{"word":"ajar","x":7,"y":4,"id":10,"info":"Partly open","savedValue":"AJAR","desc":"Partly open","meta":"    "},{"word":"brushoff","x":0,"y":5,"id":11,"info":"Curt or disdainful rejection (5-3)","savedValue":"BRUSHOFF","desc":"Curt or disdainful rejection (5-3)","meta":"        "},{"word":"countess","x":3,"y":5,"id":12,"info":"Wife of an earl","savedValue":"COUNTESS","desc":"Wife of an earl","meta":"        "},{"word":"saws","x":5,"y":5,"id":13,"info":"Cuts wood with a serrated tool","savedValue":"SAWS","desc":"Cuts wood with a serrated tool","meta":"    "},{"word":"aflame","x":10,"y":7,"id":15,"info":"Blazing","savedValue":"AFLAME","desc":"Blazing","meta":"      "},{"word":"scene","x":6,"y":8,"id":17,"info":"Panorama","savedValue":"SCENE","desc":"Panorama","meta":"     "},{"word":"pair","x":8,"y":9,"id":19,"info":"Set of two","savedValue":"PAIR","desc":"Set of two","meta":"    "},{"word":"tans","x":12,"y":9,"id":20,"info":"Prepares leather","savedValue":"TANS","desc":"Prepares leather","meta":"    "}],"hints":0,"isNew":false,"isSolved":true,"name":"50","percentage":100,"seconds":910,"solvedCount":26}