{"words_hor":[{"word":"sewing","x":0,"y":0,"id":1,"info":"Making stitches","savedValue":"SEWING","desc":"Making stitches","meta":"      "},{"word":"reasoned","x":5,"y":1,"id":7,"info":"Came to a conclusion","savedValue":"REASONED","desc":"Came to a conclusion","meta":"        "},{"word":"ear","x":0,"y":2,"id":8,"info":"Fruiting spike of a cereal plant","savedValue":"EAR","desc":"Fruiting spike of a cereal plant","meta":"   "},{"word":"moment","x":2,"y":3,"id":9,"info":"Instant in time","savedValue":"MOMENT","desc":"Instant in time","meta":"      "},{"word":"oval","x":9,"y":3,"id":10,"info":"Egg-shaped","savedValue":"OVAL","desc":"Egg-shaped","meta":"    "},{"word":"happy","x":0,"y":5,"id":11,"info":"Contented","savedValue":"HAPPY","desc":"Contented","meta":"     "},{"word":"require","x":6,"y":5,"id":13,"info":"Have need of","savedValue":"REQUIRE","desc":"Have need of","meta":"       "},{"word":"reproof","x":0,"y":7,"id":15,"info":"Expression of criticism and censure","savedValue":"REPROOF","desc":"Expression of criticism and censure","meta":"       "},{"word":"qualm","x":8,"y":7,"id":17,"info":"Misgiving","savedValue":"QUALM","desc":"Misgiving","meta":"     "},{"word":"lass","x":0,"y":9,"id":21,"info":"Young girl","savedValue":"LASS","desc":"Young girl","meta":"    "},{"word":"thanks","x":5,"y":9,"id":22,"info":"Expresses gratitude","savedValue":"THANKS","desc":"Expresses gratitude","meta":"      "},{"word":"urn","x":10,"y":10,"id":23,"info":"Pot, vase","savedValue":"URN","desc":"Pot, vase","meta":"   "},{"word":"flattery","x":0,"y":11,"id":24,"info":"Excessive or insincere praise","savedValue":"FLATTERY","desc":"Excessive or insincere praise","meta":"        "},{"word":"rudder","x":7,"y":12,"id":25,"info":"Steering mechanism at the stern of a vessel","savedValue":"RUDDER","desc":"Steering mechanism at the stern of a vessel","meta":"      "}],"words_ver":[{"word":"sheath","x":0,"y":0,"id":1,"info":"Case for a knife","savedValue":"SHEATH","desc":"Case for a knife","meta":"      "},{"word":"warmup","x":2,"y":0,"id":2,"info":"Exercising in preparation for strenuous activity (4-2)","savedValue":"WARMUP","desc":"Exercising in preparation for strenuous activity (4-2)","meta":"      "},{"word":"green","x":5,"y":0,"id":3,"info":"Colour of the rainbow","savedValue":"GREEN","desc":"Colour of the rainbow","meta":"     "},{"word":"partner","x":7,"y":0,"id":4,"info":"Spouse","savedValue":"PARTNER","desc":"Spouse","meta":"       "},{"word":"honolulu","x":9,"y":0,"id":5,"info":"Capital of Hawaii","savedValue":"HONOLULU","desc":"Capital of Hawaii","meta":"        "},{"word":"repair","x":11,"y":0,"id":6,"info":"Mend, fix","savedValue":"REPAIR","desc":"Mend, fix","meta":"      "},{"word":"parasite","x":3,"y":5,"id":12,"info":"Animal or plant that lives in or on a host","savedValue":"PARASITE","desc":"Animal or plant that lives in or on a host","meta":"        "},{"word":"bootleg","x":5,"y":6,"id":14,"info":"Sell illicit products such as drugs or alcohol","savedValue":"BOOTLEG","desc":"Sell illicit products such as drugs or alcohol","meta":"       "},{"word":"enable","x":1,"y":7,"id":16,"info":"Empower","savedValue":"ENABLE","desc":"Empower","meta":"      "},{"word":"absurd","x":10,"y":7,"id":18,"info":"Preposterous","savedValue":"ABSURD","desc":"Preposterous","meta":"      "},{"word":"manner","x":12,"y":7,"id":19,"info":"Way of acting or behaving","savedValue":"MANNER","desc":"Way of acting or behaving","meta":"      "},{"word":"satyr","x":7,"y":8,"id":20,"info":"Forest god","savedValue":"SATYR","desc":"Forest god","meta":"     "}],"hints":0,"isNew":false,"isSolved":true,"name":"51","percentage":100,"seconds":493,"solvedCount":26}