{"words_hor":[{"word":"salute","x":7,"y":0,"id":4,"info":"Military greeting","savedValue":"SALUTE","desc":"Military greeting","meta":"      "},{"word":"feverish","x":0,"y":1,"id":6,"info":"Febrile","savedValue":"FEVERISH","desc":"Febrile","meta":"        "},{"word":"offset","x":7,"y":2,"id":7,"info":"Compensate","savedValue":"OFFSET","desc":"Compensate","meta":"      "},{"word":"bets","x":0,"y":3,"id":8,"info":"Wagers","savedValue":"BETS","desc":"Wagers","meta":"    "},{"word":"abc","x":5,"y":3,"id":9,"info":"The alphabet (inits)","savedValue":"ABC","desc":"The alphabet (inits)","meta":"   "},{"word":"slunk","x":0,"y":5,"id":11,"info":"Walked stealthily","savedValue":"SLUNK","desc":"Walked stealthily","meta":"     "},{"word":"veranda","x":6,"y":5,"id":12,"info":"Open gallery","savedValue":"VERANDA","desc":"Open gallery","meta":"       "},{"word":"notelet","x":0,"y":7,"id":15,"info":"Short message","savedValue":"NOTELET","desc":"Short message","meta":"       "},{"word":"pause","x":8,"y":7,"id":17,"info":"Intermission","savedValue":"PAUSE","desc":"Intermission","meta":"     "},{"word":"aft","x":5,"y":9,"id":20,"info":"Astern","savedValue":"AFT","desc":"Astern","meta":"   "},{"word":"ream","x":9,"y":9,"id":21,"info":"Quantity of paper","savedValue":"REAM","desc":"Quantity of paper","meta":"    "},{"word":"digest","x":0,"y":10,"id":22,"info":"Absorb food","savedValue":"DIGEST","desc":"Absorb food","meta":"      "},{"word":"earnings","x":5,"y":11,"id":23,"info":"Income","savedValue":"EARNINGS","desc":"Income","meta":"        "},{"word":"demand","x":0,"y":12,"id":24,"info":"Make a forceful request","savedValue":"DEMAND","desc":"Make a forceful request","meta":"      "}],"words_ver":[{"word":"repeal","x":1,"y":0,"id":1,"info":"Annul by rescinding","savedValue":"REPEAL","desc":"Annul by rescinding","meta":"      "},{"word":"messenger","x":3,"y":0,"id":2,"info":"Courier","savedValue":"MESSENGER","desc":"Courier","meta":"         "},{"word":"cigar","x":5,"y":0,"id":3,"info":"Roll of tobacco","savedValue":"CIGAR","desc":"Roll of tobacco","meta":"     "},{"word":"shocked","x":7,"y":0,"id":4,"info":"Aghast","savedValue":"SHOCKED","desc":"Aghast","meta":"       "},{"word":"tiered","x":11,"y":0,"id":5,"info":"Layered","savedValue":"TIERED","desc":"Layered","meta":"      "},{"word":"maladroit","x":9,"y":4,"id":10,"info":"Awkward, unco-ordinated","savedValue":"MALADROIT","desc":"Awkward, unco-ordinated","meta":"         "},{"word":"sun","x":0,"y":5,"id":11,"info":"Earth's nearest star","savedValue":"SUN","desc":"Earth's nearest star","meta":"   "},{"word":"age","x":12,"y":5,"id":13,"info":"Grow old","savedValue":"AGE","desc":"Grow old","meta":"   "},{"word":"related","x":5,"y":6,"id":14,"info":"Connected","savedValue":"RELATED","desc":"Connected","meta":"       "},{"word":"office","x":1,"y":7,"id":16,"info":"Bureau, place of work","savedValue":"OFFICE","desc":"Bureau, place of work","meta":"      "},{"word":"shaggy","x":11,"y":7,"id":18,"info":"Covered with poorly groomed hair","savedValue":"SHAGGY","desc":"Covered with poorly groomed hair","meta":"      "},{"word":"stork","x":7,"y":8,"id":19,"info":"Wading bird","savedValue":"STORK","desc":"Wading bird","meta":"     "}],"hints":0,"isNew":false,"isSolved":true,"name":"52","percentage":100,"seconds":1108,"solvedCount":26}