{"words_hor":[{"word":"cock","x":0,"y":0,"id":1,"info":"Adult male chicken","savedValue":"COCK","desc":"Adult male chicken","meta":"    "},{"word":"camshaft","x":5,"y":0,"id":3,"info":"Rotating engine part","savedValue":"CAMSHAFT","desc":"Rotating engine part","meta":"        "},{"word":"asarule","x":0,"y":2,"id":9,"info":"Usually (2,1,4)","savedValue":"ASARULE","desc":"Usually (2,1,4)","meta":"       "},{"word":"rotor","x":8,"y":2,"id":10,"info":"Helicopter propeller","savedValue":"ROTOR","desc":"Helicopter propeller","meta":"     "},{"word":"complicating","x":0,"y":4,"id":11,"info":"Making more intricate or confused","savedValue":"COMPLICATING","desc":"Making more intricate or confused","meta":"            "},{"word":"arc","x":0,"y":6,"id":14,"info":"Continuous portion of a circle","savedValue":"ARC","desc":"Continuous portion of a circle","meta":"   "},{"word":"foals","x":4,"y":6,"id":16,"info":"Young horses","savedValue":"FOALS","desc":"Young horses","meta":"     "},{"word":"moo","x":10,"y":6,"id":17,"info":"Sound made by a cow","savedValue":"MOO","desc":"Sound made by a cow","meta":"   "},{"word":"imperishable","x":1,"y":8,"id":18,"info":"Not subject to destruction, death or decay","savedValue":"IMPERISHABLE","desc":"Not subject to destruction, death or decay","meta":"            "},{"word":"swing","x":0,"y":10,"id":21,"info":"Plaything that moves back and forth","savedValue":"SWING","desc":"Plaything that moves back and forth","meta":"     "},{"word":"forward","x":6,"y":10,"id":22,"info":"Send on","savedValue":"FORWARD","desc":"Send on","meta":"       "},{"word":"dreadful","x":0,"y":12,"id":23,"info":"Appalling","savedValue":"DREADFUL","desc":"Appalling","meta":"        "},{"word":"blew","x":9,"y":12,"id":24,"info":"Exhaled with force","savedValue":"BLEW","desc":"Exhaled with force","meta":"    "}],"words_ver":[{"word":"charcoal","x":0,"y":0,"id":1,"info":"Dark grey colour","savedValue":"CHARCOAL","desc":"Dark grey colour","meta":"        "},{"word":"claim","x":2,"y":0,"id":2,"info":"Assertion","savedValue":"CLAIM","desc":"Assertion","meta":"     "},{"word":"ace","x":6,"y":0,"id":4,"info":"Expert","savedValue":"ACE","desc":"Expert","meta":"   "},{"word":"stratosphere","x":8,"y":0,"id":5,"info":"Layer between the troposphere and the mesosphere","savedValue":"STRATOSPHERE","desc":"Layer between the troposphere and the mesosphere","meta":"            "},{"word":"antonym","x":10,"y":0,"id":6,"info":"Word opposite in meaning to another","savedValue":"ANTONYM","desc":"Word opposite in meaning to another","meta":"       "},{"word":"turn","x":12,"y":0,"id":7,"info":"Rotate","savedValue":"TURN","desc":"Rotate","meta":"    "},{"word":"fullyfledged","x":4,"y":1,"id":8,"info":"Having a complete set of adult plumage (5,7)","savedValue":"FULLYFLEDGED","desc":"Having a complete set of adult plumage (5,7)","meta":"            "},{"word":"coati","x":6,"y":4,"id":12,"info":"American raccoon","savedValue":"COATI","desc":"American raccoon","meta":"     "},{"word":"honeydew","x":12,"y":5,"id":13,"info":"Variety of melon","savedValue":"HONEYDEW","desc":"Variety of melon","meta":"        "},{"word":"combine","x":2,"y":6,"id":15,"info":"Blend together","savedValue":"COMBINE","desc":"Blend together","meta":"       "},{"word":"brawl","x":10,"y":8,"id":19,"info":"Noisy altercation","savedValue":"BRAWL","desc":"Noisy altercation","meta":"     "},{"word":"used","x":0,"y":9,"id":20,"info":"Employed","savedValue":"USED","desc":"Employed","meta":"    "},{"word":"flu","x":6,"y":10,"id":22,"info":"Feverish cold","savedValue":"FLU","desc":"Feverish cold","meta":"   "}],"hints":0,"isNew":false,"isSolved":true,"name":"53","percentage":100,"seconds":606,"solvedCount":26}