{"words_hor":[{"word":"franc","x":0,"y":0,"id":1,"info":"Former French coin","savedValue":"FRANC","desc":"Former French coin","meta":"     "},{"word":"shamble","x":6,"y":0,"id":4,"info":"Walk by dragging one's feet","savedValue":"SHAMBLE","desc":"Walk by dragging one's feet","meta":"       "},{"word":"hit","x":4,"y":1,"id":8,"info":"Conspicuous success","savedValue":"HIT","desc":"Conspicuous success","meta":"   "},{"word":"aloha","x":0,"y":2,"id":9,"info":"Hawaiian greeting","savedValue":"ALOHA","desc":"Hawaiian greeting","meta":"     "},{"word":"lunch","x":8,"y":2,"id":10,"info":"Meal eaten at midday","savedValue":"LUNCH","desc":"Meal eaten at midday","meta":"     "},{"word":"rhinestone","x":2,"y":4,"id":11,"info":"Imitation diamond","savedValue":"RHINESTONE","desc":"Imitation diamond","meta":"          "},{"word":"slaver","x":0,"y":6,"id":13,"info":"Drool","savedValue":"SLAVER","desc":"Drool","meta":"      "},{"word":"safari","x":7,"y":6,"id":15,"info":"Hunting expedition","savedValue":"SAFARI","desc":"Hunting expedition","meta":"      "},{"word":"gratuitous","x":1,"y":8,"id":18,"info":"Unnecessary and unwarranted","savedValue":"GRATUITOUS","desc":"Unnecessary and unwarranted","meta":"          "},{"word":"agile","x":0,"y":10,"id":22,"info":"Nimble, spry","savedValue":"AGILE","desc":"Nimble, spry","meta":"     "},{"word":"inane","x":8,"y":10,"id":23,"info":"Asinine, silly","savedValue":"INANE","desc":"Asinine, silly","meta":"     "},{"word":"ten","x":6,"y":11,"id":24,"info":"Cardinal number","savedValue":"TEN","desc":"Cardinal number","meta":"   "},{"word":"tenders","x":0,"y":12,"id":25,"info":"Offers or presents for acceptance","savedValue":"TENDERS","desc":"Offers or presents for acceptance","meta":"       "},{"word":"girth","x":8,"y":12,"id":26,"info":"Band around a horse's belly","savedValue":"GIRTH","desc":"Band around a horse's belly","meta":"     "}],"words_ver":[{"word":"flawless","x":0,"y":0,"id":1,"info":"Without a blemish","savedValue":"FLAWLESS","desc":"Without a blemish","meta":"        "},{"word":"amour","x":2,"y":0,"id":2,"info":"Love affair","savedValue":"AMOUR","desc":"Love affair","meta":"     "},{"word":"chalice","x":4,"y":0,"id":3,"info":"Cup, goblet","savedValue":"CHALICE","desc":"Cup, goblet","meta":"       "},{"word":"stamen","x":6,"y":0,"id":4,"info":"Male reproductive organ of a flower","savedValue":"STAMEN","desc":"Male reproductive organ of a flower","meta":"      "},{"word":"allot","x":8,"y":0,"id":5,"info":"Distribute","savedValue":"ALLOT","desc":"Distribute","meta":"     "},{"word":"bonanza","x":10,"y":0,"id":6,"info":"Sudden happening that brings good fortune","savedValue":"BONANZA","desc":"Sudden happening that brings good fortune","meta":"       "},{"word":"echo","x":12,"y":0,"id":7,"info":"Reply that repeats what has just been said","savedValue":"ECHO","desc":"Reply that repeats what has just been said","meta":"    "},{"word":"fiftieth","x":12,"y":5,"id":12,"info":"Two per cent, as a fraction","savedValue":"FIFTIETH","desc":"Two per cent, as a fraction","meta":"        "},{"word":"arraign","x":2,"y":6,"id":14,"info":"Accuse of a wrong","savedValue":"ARRAIGN","desc":"Accuse of a wrong","meta":"       "},{"word":"adoring","x":8,"y":6,"id":16,"info":"Extravagantly or foolishly loving and indulgent","savedValue":"ADORING","desc":"Extravagantly or foolishly loving and indulgent","meta":"       "},{"word":"lights","x":6,"y":7,"id":17,"info":"Sources of illumination","savedValue":"LIGHTS","desc":"Sources of illumination","meta":"      "},{"word":"theme","x":4,"y":8,"id":19,"info":"Motif","savedValue":"THEME","desc":"Motif","meta":"     "},{"word":"stair","x":10,"y":8,"id":20,"info":"Step","savedValue":"STAIR","desc":"Step","meta":"     "},{"word":"bait","x":0,"y":9,"id":21,"info":"Decoy, lure","savedValue":"BAIT","desc":"Decoy, lure","meta":"    "}],"hints":0,"isNew":false,"isSolved":true,"name":"54","percentage":100,"seconds":1575,"solvedCount":28}