{"words_hor":[{"word":"astronomical","x":1,"y":0,"id":1,"info":"Inconceivably large","savedValue":"ASTRONOMICAL","desc":"Inconceivably large","meta":"            "},{"word":"equip","x":0,"y":2,"id":9,"info":"Fit out","savedValue":"EQUIP","desc":"Fit out","meta":"     "},{"word":"iliad","x":8,"y":2,"id":10,"info":"Greek epic by Homer","savedValue":"ILIAD","desc":"Greek epic by Homer","meta":"     "},{"word":"ode","x":4,"y":3,"id":11,"info":"Lyric poem","savedValue":"ODE","desc":"Lyric poem","meta":"   "},{"word":"glass","x":0,"y":4,"id":12,"info":"Drinking vessel","savedValue":"GLASS","desc":"Drinking vessel","meta":"     "},{"word":"teenage","x":6,"y":4,"id":13,"info":"Relating to those 13 to 19 years old","savedValue":"TEENAGE","desc":"Relating to those 13 to 19 years old","meta":"       "},{"word":"taster","x":0,"y":6,"id":14,"info":"Sample","savedValue":"TASTER","desc":"Sample","meta":"      "},{"word":"esteem","x":7,"y":6,"id":16,"info":"Hold in high regard","savedValue":"ESTEEM","desc":"Hold in high regard","meta":"      "},{"word":"retinue","x":0,"y":8,"id":20,"info":"Followers","savedValue":"RETINUE","desc":"Followers","meta":"       "},{"word":"grass","x":8,"y":8,"id":22,"info":"Plant grown as a lawn","savedValue":"GRASS","desc":"Plant grown as a lawn","meta":"     "},{"word":"mug","x":6,"y":9,"id":24,"info":"Fall guy","savedValue":"MUG","desc":"Fall guy","meta":"   "},{"word":"ninth","x":0,"y":10,"id":25,"info":"Coming next after the eighth","savedValue":"NINTH","desc":"Coming next after the eighth","meta":"     "},{"word":"earns","x":8,"y":10,"id":26,"info":"Merits, deserves","savedValue":"EARNS","desc":"Merits, deserves","meta":"     "},{"word":"excruciating","x":0,"y":12,"id":27,"info":"Extremely painful","savedValue":"EXCRUCIATING","desc":"Extremely painful","meta":"            "}],"words_ver":[{"word":"sauna","x":2,"y":0,"id":2,"info":"Finnish steam bath","savedValue":"SAUNA","desc":"Finnish steam bath","meta":"     "},{"word":"riposte","x":4,"y":0,"id":3,"info":"Comeback","savedValue":"RIPOSTE","desc":"Comeback","meta":"       "},{"word":"ninety","x":6,"y":0,"id":4,"info":"Four score and ten","savedValue":"NINETY","desc":"Four score and ten","meta":"      "},{"word":"maize","x":8,"y":0,"id":5,"info":"Indian corn","savedValue":"MAIZE","desc":"Indian corn","meta":"     "},{"word":"climate","x":10,"y":0,"id":6,"info":"Weather averaged over a long period of time","savedValue":"CLIMATE","desc":"Weather averaged over a long period of time","meta":"       "},{"word":"lodge","x":12,"y":0,"id":7,"info":"Home of a beaver","savedValue":"LODGE","desc":"Home of a beaver","meta":"     "},{"word":"height","x":0,"y":1,"id":8,"info":"Altitude","savedValue":"HEIGHT","desc":"Altitude","meta":"      "},{"word":"satanic","x":2,"y":6,"id":15,"info":"Of or relating to the Devil","savedValue":"SATANIC","desc":"Of or relating to the Devil","meta":"       "},{"word":"suggest","x":8,"y":6,"id":17,"info":"Drop a hint","savedValue":"SUGGEST","desc":"Drop a hint","meta":"       "},{"word":"misuse","x":12,"y":6,"id":18,"info":"Apply badly or incorrectly ","savedValue":"MISUSE","desc":"Apply badly or incorrectly ","meta":"      "},{"word":"yemeni","x":6,"y":7,"id":19,"info":"Native of Sana'a, for example","savedValue":"YEMENI","desc":"Native of Sana'a, for example","meta":"      "},{"word":"range","x":0,"y":8,"id":20,"info":"Series of hills or mountains","savedValue":"RANGE","desc":"Series of hills or mountains","meta":"     "},{"word":"nehru","x":4,"y":8,"id":21,"info":"Prime minister of India from 1947 to 1964","savedValue":"NEHRU","desc":"Prime minister of India from 1947 to 1964","meta":"     "},{"word":"apron","x":10,"y":8,"id":23,"info":"Protective garment","savedValue":"APRON","desc":"Protective garment","meta":"     "}],"hints":0,"isNew":false,"isSolved":true,"name":"56","percentage":100,"seconds":975,"solvedCount":28}