{"words_hor":[{"word":"sector","x":0,"y":0,"id":1,"info":"Area, zone","savedValue":"SECTOR","desc":"Area, zone","meta":"      "},{"word":"chimes","x":7,"y":0,"id":4,"info":"Percussion instrument consisting of a set of tuned bells struck with a hammer","savedValue":"CHIMES","desc":"Percussion instrument consisting of a set of tuned bells struck with a hammer","meta":"      "},{"word":"leaked","x":0,"y":2,"id":7,"info":"Escaped, as through a hole or crack","savedValue":"LEAKED","desc":"Escaped, as through a hole or crack","meta":"      "},{"word":"entreaty","x":5,"y":3,"id":9,"info":"Appeal","savedValue":"ENTREATY","desc":"Appeal","meta":"        "},{"word":"deep","x":0,"y":4,"id":11,"info":"Inscrutable","savedValue":"DEEP","desc":"Inscrutable","meta":"    "},{"word":"eleanor","x":3,"y":5,"id":14,"info":"Beatles song, ___ Rigby","savedValue":"ELEANOR","desc":"Beatles song, ___ Rigby","meta":"       "},{"word":"boon","x":0,"y":6,"id":15,"info":"Very close and convivial ","savedValue":"BOON","desc":"Very close and convivial ","meta":"    "},{"word":"icon","x":9,"y":6,"id":16,"info":"Graphic symbol","savedValue":"ICON","desc":"Graphic symbol","meta":"    "},{"word":"element","x":3,"y":7,"id":17,"info":"Component part","savedValue":"ELEMENT","desc":"Component part","meta":"       "},{"word":"yoyo","x":9,"y":8,"id":18,"info":"Child's stringed toy (2-2)","savedValue":"YOYO","desc":"Child's stringed toy (2-2)","meta":"    "},{"word":"sterling","x":0,"y":9,"id":21,"info":"British currency ","savedValue":"STERLING","desc":"British currency ","meta":"        "},{"word":"embers","x":7,"y":10,"id":22,"info":"Glowing fragments of wood left from a fire","savedValue":"EMBERS","desc":"Glowing fragments of wood left from a fire","meta":"      "},{"word":"abbess","x":0,"y":12,"id":24,"info":"Mother superior","savedValue":"ABBESS","desc":"Mother superior","meta":"      "},{"word":"breeds","x":7,"y":12,"id":25,"info":"Varieties of domesticated animals within a species","savedValue":"BREEDS","desc":"Varieties of domesticated animals within a species","meta":"      "}],"words_ver":[{"word":"solid","x":0,"y":0,"id":1,"info":"Firm and hearty","savedValue":"SOLID","desc":"Firm and hearty","meta":"     "},{"word":"cease","x":2,"y":0,"id":2,"info":"Discontinue","savedValue":"CEASE","desc":"Discontinue","meta":"     "},{"word":"one","x":4,"y":0,"id":3,"info":"Single number","savedValue":"ONE","desc":"Single number","meta":"   "},{"word":"cuttingedge","x":7,"y":0,"id":4,"info":"In accord with he most fashionable ideas or style (7,4)","savedValue":"CUTTINGEDGE","desc":"In accord with he most fashionable ideas or style (7,4)","meta":"           "},{"word":"integrity","x":9,"y":0,"id":5,"info":"Moral soundness","savedValue":"INTEGRITY","desc":"Moral soundness","meta":"         "},{"word":"slay","x":12,"y":0,"id":6,"info":"Murder","savedValue":"SLAY","desc":"Murder","meta":"    "},{"word":"deleterious","x":5,"y":2,"id":8,"info":"Harmful to living things","savedValue":"DELETERIOUS","desc":"Harmful to living things","meta":"           "},{"word":"theory","x":11,"y":3,"id":10,"info":"Hypothesis","savedValue":"THEORY","desc":"Hypothesis","meta":"      "},{"word":"egoist","x":1,"y":4,"id":12,"info":"Self-centred person","savedValue":"EGOIST","desc":"Self-centred person","meta":"      "},{"word":"penetrate","x":3,"y":4,"id":13,"info":"Sink in","savedValue":"PENETRATE","desc":"Sink in","meta":"         "},{"word":"obese","x":10,"y":8,"id":19,"info":"Abnormally fat","savedValue":"OBESE","desc":"Abnormally fat","meta":"     "},{"word":"oasis","x":12,"y":8,"id":20,"info":"Desert garden","savedValue":"OASIS","desc":"Desert garden","meta":"     "},{"word":"sofa","x":0,"y":9,"id":21,"info":"Seat for more than one person","savedValue":"SOFA","desc":"Seat for more than one person","meta":"    "},{"word":"mar","x":8,"y":10,"id":23,"info":"Impair","savedValue":"MAR","desc":"Impair","meta":"   "}],"hints":0,"isNew":false,"isSolved":true,"name":"57","percentage":100,"seconds":612,"solvedCount":28}