{"words_hor":[{"word":"scalpel","x":0,"y":0,"id":1,"info":"Knife used in dissection","savedValue":"SCALPEL","desc":"Knife used in dissection","meta":"       "},{"word":"avocado","x":6,"y":1,"id":8,"info":"Pear-shaped fruit","savedValue":"AVOCADO","desc":"Pear-shaped fruit","meta":"       "},{"word":"compass","x":0,"y":2,"id":9,"info":"Direction indicator","savedValue":"COMPASS","desc":"Direction indicator","meta":"       "},{"word":"looter","x":0,"y":4,"id":10,"info":"One who takes spoils or plunder (as in war)","savedValue":"LOOTER","desc":"One who takes spoils or plunder (as in war)","meta":"      "},{"word":"bowser","x":7,"y":4,"id":12,"info":"Light tanker for supplying water or fuel","savedValue":"BOWSER","desc":"Light tanker for supplying water or fuel","meta":"      "},{"word":"secondguess","x":1,"y":6,"id":13,"info":"Attempt to anticipate or predict (6-5)","savedValue":"SECONDGUESS","desc":"Attempt to anticipate or predict (6-5)","meta":"           "},{"word":"accuse","x":0,"y":8,"id":17,"info":"Level a charge against","savedValue":"ACCUSE","desc":"Level a charge against","meta":"      "},{"word":"sahara","x":7,"y":8,"id":20,"info":"African desert","savedValue":"SAHARA","desc":"African desert","meta":"      "},{"word":"auction","x":6,"y":10,"id":23,"info":"Public sale","savedValue":"AUCTION","desc":"Public sale","meta":"       "},{"word":"exalted","x":0,"y":11,"id":24,"info":"High, lofty","savedValue":"EXALTED","desc":"High, lofty","meta":"       "},{"word":"swagger","x":6,"y":12,"id":25,"info":"Walk with a lofty proud gait","savedValue":"SWAGGER","desc":"Walk with a lofty proud gait","meta":"       "}],"words_ver":[{"word":"sickle","x":0,"y":0,"id":1,"info":"Reaping hook","savedValue":"SICKLE","desc":"Reaping hook","meta":"      "},{"word":"armhole","x":2,"y":0,"id":2,"info":"Opening to which a sleeve can be attached","savedValue":"ARMHOLE","desc":"Opening to which a sleeve can be attached","meta":"       "},{"word":"peace","x":4,"y":0,"id":3,"info":"Quiet","savedValue":"PEACE","desc":"Quiet","meta":"     "},{"word":"last","x":6,"y":0,"id":4,"info":"Behind all other competitors","savedValue":"LAST","desc":"Behind all other competitors","meta":"    "},{"word":"folio","x":8,"y":0,"id":5,"info":"Numbered page","savedValue":"FOLIO","desc":"Numbered page","meta":"     "},{"word":"maths","x":10,"y":0,"id":6,"info":"Addition, subtraction, division, multiplication, etc","savedValue":"MATHS","desc":"Addition, subtraction, division, multiplication, etc","meta":"     "},{"word":"bolero","x":12,"y":0,"id":7,"info":"Spanish dance in triple time","savedValue":"BOLERO","desc":"Spanish dance in triple time","meta":"      "},{"word":"rinse","x":5,"y":4,"id":11,"info":"Use water to remove soap","savedValue":"RINSE","desc":"Use water to remove soap","meta":"     "},{"word":"bogus","x":7,"y":4,"id":12,"info":"Phoney","savedValue":"BOGUS","desc":"Phoney","meta":"     "},{"word":"shaving","x":10,"y":6,"id":14,"info":"Removing hair with a razor","savedValue":"SHAVING","desc":"Removing hair with a razor","meta":"       "},{"word":"basket","x":0,"y":7,"id":15,"info":"Woven shopping bag","savedValue":"BASKET","desc":"Woven shopping bag","meta":"      "},{"word":"banner","x":12,"y":7,"id":16,"info":"Ensign","savedValue":"BANNER","desc":"Ensign","meta":"      "},{"word":"cheap","x":2,"y":8,"id":18,"info":"Inexpensive","savedValue":"CHEAP","desc":"Inexpensive","meta":"     "},{"word":"salty","x":4,"y":8,"id":19,"info":"Saline","savedValue":"SALTY","desc":"Saline","meta":"     "},{"word":"accra","x":8,"y":8,"id":21,"info":"Capital of Ghana","savedValue":"ACCRA","desc":"Capital of Ghana","meta":"     "},{"word":"dads","x":6,"y":9,"id":22,"info":"Papas","savedValue":"DADS","desc":"Papas","meta":"    "}],"hints":0,"isNew":false,"isSolved":true,"name":"58","percentage":100,"seconds":859,"solvedCount":27}