{"words_hor":[{"word":"success","x":6,"y":0,"id":4,"info":"Victory","savedValue":"SUCCESS","desc":"Victory","meta":"       "},{"word":"alder","x":0,"y":1,"id":8,"info":"Tree with rot-resistant wood","savedValue":"ALDER","desc":"Tree with rot-resistant wood","meta":"     "},{"word":"aborigine","x":4,"y":2,"id":9,"info":"Native Australian","savedValue":"ABORIGINE","desc":"Native Australian","meta":"         "},{"word":"toils","x":0,"y":3,"id":10,"info":"Works hard","savedValue":"TOILS","desc":"Works hard","meta":"     "},{"word":"piecemeal","x":4,"y":4,"id":11,"info":"In small stages","savedValue":"PIECEMEAL","desc":"In small stages","meta":"         "},{"word":"afresh","x":0,"y":6,"id":13,"info":"Again but in a new or different way","savedValue":"AFRESH","desc":"Again but in a new or different way","meta":"      "},{"word":"barred","x":7,"y":6,"id":16,"info":"Kept out","savedValue":"BARRED","desc":"Kept out","meta":"      "},{"word":"petticoat","x":0,"y":8,"id":20,"info":"Undergarment worn under a skirt","savedValue":"PETTICOAT","desc":"Undergarment worn under a skirt","meta":"         "},{"word":"hotel","x":8,"y":9,"id":23,"info":"House for travellers","savedValue":"HOTEL","desc":"House for travellers","meta":"     "},{"word":"centipede","x":0,"y":10,"id":24,"info":"Many-legged insect","savedValue":"CENTIPEDE","desc":"Many-legged insect","meta":"         "},{"word":"sever","x":8,"y":11,"id":25,"info":"Cut off","savedValue":"SEVER","desc":"Cut off","meta":"     "},{"word":"tangent","x":0,"y":12,"id":26,"info":"Line touching a curve","savedValue":"TANGENT","desc":"Line touching a curve","meta":"       "}],"words_ver":[{"word":"cantata","x":0,"y":0,"id":1,"info":"Musical setting for a religious text","savedValue":"CANTATA","desc":"Musical setting for a religious text","meta":"       "},{"word":"advisor","x":2,"y":0,"id":2,"info":"Consultant","savedValue":"ADVISOR","desc":"Consultant","meta":"       "},{"word":"grasp","x":4,"y":0,"id":3,"info":"Clench, clutch tightly","savedValue":"GRASP","desc":"Clench, clutch tightly","meta":"     "},{"word":"shower","x":6,"y":0,"id":4,"info":"Brief period of light rain","savedValue":"SHOWER","desc":"Brief period of light rain","meta":"      "},{"word":"chimera","x":8,"y":0,"id":5,"info":"Fabulous monster","savedValue":"CHIMERA","desc":"Fabulous monster","meta":"       "},{"word":"elide","x":10,"y":0,"id":6,"info":"Leave or strike out","savedValue":"ELIDE","desc":"Leave or strike out","meta":"     "},{"word":"spell","x":12,"y":0,"id":7,"info":"Incantation","savedValue":"SPELL","desc":"Incantation","meta":"     "},{"word":"ate","x":11,"y":4,"id":12,"info":"Consumed","savedValue":"ATE","desc":"Consumed","meta":"   "},{"word":"fee","x":1,"y":6,"id":14,"info":"Charge","savedValue":"FEE","desc":"Charge","meta":"   "},{"word":"suicide","x":4,"y":6,"id":15,"info":"Self-annihilation","savedValue":"SUICIDE","desc":"Self-annihilation","meta":"       "},{"word":"restive","x":10,"y":6,"id":17,"info":"Impatient, especially under restriction or delay","savedValue":"RESTIVE","desc":"Impatient, especially under restriction or delay","meta":"       "},{"word":"deplore","x":12,"y":6,"id":18,"info":"Express strong disapproval of","savedValue":"DEPLORE","desc":"Express strong disapproval of","meta":"       "},{"word":"covert","x":6,"y":7,"id":19,"info":"Secret of hidden","savedValue":"COVERT","desc":"Secret of hidden","meta":"      "},{"word":"picot","x":0,"y":8,"id":20,"info":"Edging of small loops, as on lace","savedValue":"PICOT","desc":"Edging of small loops, as on lace","meta":"     "},{"word":"tenon","x":2,"y":8,"id":21,"info":"Projection shaped to fit into a mortise","savedValue":"TENON","desc":"Projection shaped to fit into a mortise","meta":"     "},{"word":"these","x":8,"y":8,"id":22,"info":"Particular items","savedValue":"THESE","desc":"Particular items","meta":"     "}],"hints":0,"isNew":false,"isSolved":true,"name":"59","percentage":100,"seconds":1576,"solvedCount":28}