{"words_hor":[{"word":"tuberculosis","x":1,"y":0,"id":1,"info":"Bacterial infection of the lungs","savedValue":"TUBERCULOSIS","desc":"Bacterial infection of the lungs","meta":"            "},{"word":"adios","x":0,"y":2,"id":9,"info":"Farewell remark","savedValue":"ADIOS","desc":"Farewell remark","meta":"     "},{"word":"coypu","x":8,"y":2,"id":10,"info":"Beaver-like animal","savedValue":"COYPU","desc":"Beaver-like animal","meta":"     "},{"word":"ewe","x":4,"y":3,"id":11,"info":"Female sheep","savedValue":"EWE","desc":"Female sheep","meta":"   "},{"word":"arson","x":0,"y":4,"id":12,"info":"Illegal setting of fires","savedValue":"ARSON","desc":"Illegal setting of fires","meta":"     "},{"word":"royalty","x":6,"y":4,"id":13,"info":"Monarchy","savedValue":"ROYALTY","desc":"Monarchy","meta":"       "},{"word":"system","x":0,"y":6,"id":14,"info":"Arrangement","savedValue":"SYSTEM","desc":"Arrangement","meta":"      "},{"word":"assets","x":7,"y":6,"id":16,"info":"Things of material value or usefulness","savedValue":"ASSETS","desc":"Things of material value or usefulness","meta":"      "},{"word":"startle","x":0,"y":8,"id":20,"info":"Cause to jump with fear","savedValue":"STARTLE","desc":"Cause to jump with fear","meta":"       "},{"word":"agave","x":8,"y":8,"id":22,"info":"Plant used in the making of tequila","savedValue":"AGAVE","desc":"Plant used in the making of tequila","meta":"     "},{"word":"rig","x":6,"y":9,"id":24,"info":"Equip","savedValue":"RIG","desc":"Equip","meta":"   "},{"word":"leper","x":0,"y":10,"id":25,"info":"Person afflicted with Hansen's disease","savedValue":"LEPER","desc":"Person afflicted with Hansen's disease","meta":"     "},{"word":"maybe","x":8,"y":10,"id":26,"info":"Perhaps","savedValue":"MAYBE","desc":"Perhaps","meta":"     "},{"word":"showbusiness","x":0,"y":12,"id":27,"info":"The entertainment industry (4,8)","savedValue":"SHOWBUSINESS","desc":"The entertainment industry (4,8)","meta":"            "}],"words_ver":[{"word":"units","x":2,"y":0,"id":2,"info":"Divisions of quantity","savedValue":"UNITS","desc":"Divisions of quantity","meta":"     "},{"word":"essence","x":4,"y":0,"id":3,"info":"Concentrated extract","savedValue":"ESSENCE","desc":"Concentrated extract","meta":"       "},{"word":"celery","x":6,"y":0,"id":4,"info":"Salad vegetable","savedValue":"CELERY","desc":"Salad vegetable","meta":"      "},{"word":"lucky","x":8,"y":0,"id":5,"info":"Blessed with good fortune","savedValue":"LUCKY","desc":"Blessed with good fortune","meta":"     "},{"word":"skyblue","x":10,"y":0,"id":6,"info":"Colour similar to that of the atmosphere in daytime (3,4)","savedValue":"SKYBLUE","desc":"Colour similar to that of the atmosphere in daytime (3,4)","meta":"       "},{"word":"saucy","x":12,"y":0,"id":7,"info":"Impertinent","savedValue":"SAUCY","desc":"Impertinent","meta":"     "},{"word":"harass","x":0,"y":1,"id":8,"info":"Annoy continually","savedValue":"HARASS","desc":"Annoy continually","meta":"      "},{"word":"shampoo","x":2,"y":6,"id":15,"info":"Cleansing agent for washing the hair","savedValue":"SHAMPOO","desc":"Cleansing agent for washing the hair","meta":"       "},{"word":"swagman","x":8,"y":6,"id":17,"info":"Itinerant Australian labourer","savedValue":"SWAGMAN","desc":"Itinerant Australian labourer","meta":"       "},{"word":"shekel","x":12,"y":6,"id":18,"info":"Israeli monetary unit","savedValue":"SHEKEL","desc":"Israeli monetary unit","meta":"      "},{"word":"series","x":6,"y":7,"id":19,"info":"Similar things placed in order","savedValue":"SERIES","desc":"Similar things placed in order","meta":"      "},{"word":"sales","x":0,"y":8,"id":20,"info":"Occasions for buying at lower prices","savedValue":"SALES","desc":"Occasions for buying at lower prices","meta":"     "},{"word":"throb","x":4,"y":8,"id":21,"info":"Pound, pulse","savedValue":"THROB","desc":"Pound, pulse","meta":"     "},{"word":"abyss","x":10,"y":8,"id":23,"info":"Bottomless gulf or pit","savedValue":"ABYSS","desc":"Bottomless gulf or pit","meta":"     "}],"hints":0,"isNew":false,"isSolved":true,"name":"6","percentage":100,"seconds":1288,"solvedCount":28}