{"words_hor":[{"word":"scholar","x":0,"y":0,"id":1,"info":"Learned person","savedValue":"SCHOLAR","desc":"Learned person","meta":"       "},{"word":"macro","x":8,"y":0,"id":5,"info":"Computer instruction that results in a series of instructions in machine language","savedValue":"MACRO","desc":"Computer instruction that results in a series of instructions in machine language","meta":"     "},{"word":"car","x":0,"y":2,"id":8,"info":"Automobile","savedValue":"CAR","desc":"Automobile","meta":"   "},{"word":"spaghetti","x":4,"y":2,"id":9,"info":"Long strings of pasta","savedValue":"SPAGHETTI","desc":"Long strings of pasta","meta":"         "},{"word":"liege","x":0,"y":4,"id":10,"info":"Belgian city","savedValue":"LIEGE","desc":"Belgian city","meta":"     "},{"word":"gape","x":9,"y":4,"id":12,"info":"Be wide open","savedValue":"GAPE","desc":"Be wide open","meta":"    "},{"word":"ravage","x":4,"y":5,"id":13,"info":"Cause extensive destruction","savedValue":"RAVAGE","desc":"Cause extensive destruction","meta":"      "},{"word":"rest","x":0,"y":6,"id":15,"info":"Relaxation","savedValue":"REST","desc":"Relaxation","meta":"    "},{"word":"rent","x":9,"y":6,"id":17,"info":"Ripped, tore forcibly","savedValue":"RENT","desc":"Ripped, tore forcibly","meta":"    "},{"word":"afield","x":3,"y":7,"id":20,"info":"Far away from home or one's usual surroundings","savedValue":"AFIELD","desc":"Far away from home or one's usual surroundings","meta":"      "},{"word":"zinc","x":0,"y":8,"id":22,"info":"Bluish-white metallic element","savedValue":"ZINC","desc":"Bluish-white metallic element","meta":"    "},{"word":"ester","x":8,"y":8,"id":23,"info":"Organic compound","savedValue":"ESTER","desc":"Organic compound","meta":"     "},{"word":"legislate","x":0,"y":10,"id":25,"info":"Make or pass laws","savedValue":"LEGISLATE","desc":"Make or pass laws","meta":"         "},{"word":"eon","x":10,"y":10,"id":26,"info":"Epoch","savedValue":"EON","desc":"Epoch","meta":"   "},{"word":"harem","x":0,"y":12,"id":27,"info":"The separate part of a Muslim household reserved for wives","savedValue":"HAREM","desc":"The separate part of a Muslim household reserved for wives","meta":"     "},{"word":"tannery","x":6,"y":12,"id":28,"info":"Place where leather is made","savedValue":"TANNERY","desc":"Place where leather is made","meta":"       "}],"words_ver":[{"word":"secular","x":0,"y":0,"id":1,"info":"Concerning those who are not members of the clergy","savedValue":"SECULAR","desc":"Concerning those who are not members of the clergy","meta":"       "},{"word":"harness","x":2,"y":0,"id":2,"info":"A set of straps and fittings by which a horse is fastened to a cart","savedValue":"HARNESS","desc":"A set of straps and fittings by which a horse is fastened to a cart","meta":"       "},{"word":"lesser","x":4,"y":0,"id":3,"info":"Smaller in amount","savedValue":"LESSER","desc":"Smaller in amount","meta":"      "},{"word":"real","x":6,"y":0,"id":4,"info":"Genuine","savedValue":"REAL","desc":"Genuine","meta":"    "},{"word":"avenger","x":9,"y":0,"id":6,"info":"Retaliator","savedValue":"AVENGER","desc":"Retaliator","meta":"       "},{"word":"opine","x":12,"y":0,"id":7,"info":"Sound off","savedValue":"OPINE","desc":"Sound off","meta":"     "},{"word":"bail","x":7,"y":4,"id":11,"info":"Temporary release of an accused person awaiting trial,","savedValue":"BAIL","desc":"Temporary release of an accused person awaiting trial,","meta":"    "},{"word":"acid","x":5,"y":5,"id":14,"info":"Corrosive compound","savedValue":"ACID","desc":"Corrosive compound","meta":"    "},{"word":"tactile","x":3,"y":6,"id":16,"info":"Of touch","savedValue":"TACTILE","desc":"Of touch","meta":"       "},{"word":"extreme","x":10,"y":6,"id":18,"info":"Of the greatest possible degree","savedValue":"EXTREME","desc":"Of the greatest possible degree","meta":"       "},{"word":"tyranny","x":12,"y":6,"id":19,"info":"Dictatorship","savedValue":"TYRANNY","desc":"Dictatorship","meta":"       "},{"word":"demean","x":8,"y":7,"id":21,"info":"Belittle ","savedValue":"DEMEAN","desc":"Belittle ","meta":"      "},{"word":"zilch","x":0,"y":8,"id":22,"info":"Nothing","savedValue":"ZILCH","desc":"Nothing","meta":"     "},{"word":"last","x":6,"y":9,"id":24,"info":"Concluding","savedValue":"LAST","desc":"Concluding","meta":"    "}],"hints":0,"isNew":false,"isSolved":true,"name":"60","percentage":100,"seconds":824,"solvedCount":30}