{"words_hor":[{"word":"abound","x":0,"y":0,"id":1,"info":"Exist in large quantities","savedValue":"ABOUND","desc":"Exist in large quantities","meta":"      "},{"word":"canvas","x":7,"y":0,"id":3,"info":"Fabric for a painting","savedValue":"CANVAS","desc":"Fabric for a painting","meta":"      "},{"word":"sagittarius","x":0,"y":2,"id":7,"info":"Sign of the zodiac","savedValue":"SAGITTARIUS","desc":"Sign of the zodiac","meta":"           "},{"word":"seasoned","x":0,"y":4,"id":10,"info":"Flavoured with herbs and spices","savedValue":"SEASONED","desc":"Flavoured with herbs and spices","meta":"        "},{"word":"mire","x":9,"y":4,"id":11,"info":"Morass","savedValue":"MIRE","desc":"Morass","meta":"    "},{"word":"libel","x":1,"y":6,"id":13,"info":"Defamatory writing","savedValue":"LIBEL","desc":"Defamatory writing","meta":"     "},{"word":"berth","x":7,"y":6,"id":14,"info":"Mooring","savedValue":"BERTH","desc":"Mooring","meta":"     "},{"word":"ally","x":0,"y":8,"id":18,"info":"Friendly nation","savedValue":"ALLY","desc":"Friendly nation","meta":"    "},{"word":"reprieve","x":5,"y":8,"id":19,"info":"Stay of execution","savedValue":"REPRIEVE","desc":"Stay of execution","meta":"        "},{"word":"starcrossed","x":2,"y":10,"id":21,"info":"Ill-fated (4-7)","savedValue":"STARCROSSED","desc":"Ill-fated (4-7)","meta":"           "},{"word":"cachet","x":0,"y":12,"id":22,"info":"Seal of  approval","savedValue":"CACHET","desc":"Seal of  approval","meta":"      "},{"word":"impale","x":7,"y":12,"id":23,"info":"Pierce with a sharp stake","savedValue":"IMPALE","desc":"Pierce with a sharp stake","meta":"      "}],"words_ver":[{"word":"assist","x":0,"y":0,"id":1,"info":"Aid","savedValue":"ASSIST","desc":"Aid","meta":"      "},{"word":"nitrogen","x":4,"y":0,"id":2,"info":"Abundant gas","savedValue":"NITROGEN","desc":"Abundant gas","meta":"        "},{"word":"arid","x":8,"y":0,"id":4,"info":"Very dry","savedValue":"ARID","desc":"Very dry","meta":"    "},{"word":"sacred","x":12,"y":0,"id":5,"info":"Hallowed","savedValue":"SACRED","desc":"Hallowed","meta":"      "},{"word":"babel","x":6,"y":1,"id":6,"info":"Biblical tower intended to reach to heaven","savedValue":"BABEL","desc":"Biblical tower intended to reach to heaven","meta":"     "},{"word":"gladiolus","x":2,"y":2,"id":8,"info":"Showy garden flower","savedValue":"GLADIOLUS","desc":"Showy garden flower","meta":"         "},{"word":"shiftless","x":10,"y":2,"id":9,"info":"Lazy, unambitious","savedValue":"SHIFTLESS","desc":"Lazy, unambitious","meta":"         "},{"word":"heirloom","x":8,"y":5,"id":12,"info":"Property in a family for generations","savedValue":"HEIRLOOM","desc":"Property in a family for generations","meta":"        "},{"word":"maniac","x":0,"y":7,"id":15,"info":"Madman","savedValue":"MANIAC","desc":"Madman","meta":"      "},{"word":"bench","x":6,"y":7,"id":16,"info":"Long seat for more than one person","savedValue":"BENCH","desc":"Long seat for more than one person","meta":"     "},{"word":"needle","x":12,"y":7,"id":17,"info":"Knitting tool","savedValue":"NEEDLE","desc":"Knitting tool","meta":"      "},{"word":"bake","x":4,"y":9,"id":20,"info":"Cook in an oven","savedValue":"BAKE","desc":"Cook in an oven","meta":"    "}],"hints":0,"isNew":false,"isSolved":true,"name":"61","percentage":100,"seconds":549,"solvedCount":24}