{"words_hor":[{"word":"curtain","x":0,"y":0,"id":1,"info":"Hanging cloth used as a blind","savedValue":"CURTAIN","desc":"Hanging cloth used as a blind","meta":"       "},{"word":"bazaar","x":7,"y":1,"id":7,"info":"Eastern marketplace","savedValue":"BAZAAR","desc":"Eastern marketplace","meta":"      "},{"word":"cortege","x":0,"y":3,"id":9,"info":"Funeral procession","savedValue":"CORTEGE","desc":"Funeral procession","meta":"       "},{"word":"agent","x":8,"y":3,"id":10,"info":"Broker","savedValue":"AGENT","desc":"Broker","meta":"     "},{"word":"epic","x":0,"y":5,"id":11,"info":"Large-scale","savedValue":"EPIC","desc":"Large-scale","meta":"    "},{"word":"ravel","x":5,"y":5,"id":12,"info":"French composer of works such as Boléro","savedValue":"RAVEL","desc":"French composer of works such as Boléro","meta":"     "},{"word":"camel","x":3,"y":7,"id":16,"info":"Desert animal","savedValue":"CAMEL","desc":"Desert animal","meta":"     "},{"word":"dome","x":9,"y":7,"id":17,"info":"Hemispherical roof","savedValue":"DOME","desc":"Hemispherical roof","meta":"    "},{"word":"press","x":0,"y":9,"id":21,"info":"Machine used for printing","savedValue":"PRESS","desc":"Machine used for printing","meta":"     "},{"word":"charade","x":6,"y":9,"id":22,"info":"Parody ","savedValue":"CHARADE","desc":"Parody ","meta":"       "},{"word":"shiver","x":0,"y":11,"id":23,"info":"Tremble with cold","savedValue":"SHIVER","desc":"Tremble with cold","meta":"      "},{"word":"witness","x":6,"y":12,"id":24,"info":"Spectator","savedValue":"WITNESS","desc":"Spectator","meta":"       "}],"words_ver":[{"word":"chicken","x":0,"y":0,"id":1,"info":"Common farmyard bird","savedValue":"CHICKEN","desc":"Common farmyard bird","meta":"       "},{"word":"refrain","x":2,"y":0,"id":2,"info":"Chorus","savedValue":"REFRAIN","desc":"Chorus","meta":"       "},{"word":"abbey","x":4,"y":0,"id":3,"info":"Monastery","savedValue":"ABBEY","desc":"Monastery","meta":"     "},{"word":"manager","x":8,"y":0,"id":4,"info":"Supervisor","savedValue":"MANAGER","desc":"Supervisor","meta":"       "},{"word":"cater","x":10,"y":0,"id":5,"info":"Provide food for a an event","savedValue":"CATER","desc":"Provide food for a an event","meta":"     "},{"word":"crate","x":12,"y":0,"id":6,"info":"Packing-case","savedValue":"CRATE","desc":"Packing-case","meta":"     "},{"word":"decadence","x":6,"y":2,"id":8,"info":"Degeneration","savedValue":"DECADENCE","desc":"Degeneration","meta":"         "},{"word":"hamster","x":4,"y":6,"id":13,"info":"Pet rodent","savedValue":"HAMSTER","desc":"Pet rodent","meta":"       "},{"word":"romance","x":10,"y":6,"id":14,"info":"Love affair","savedValue":"ROMANCE","desc":"Love affair","meta":"       "},{"word":"genesis","x":12,"y":6,"id":15,"info":"First book of the Old Testament","savedValue":"GENESIS","desc":"First book of the Old Testament","meta":"       "},{"word":"spasm","x":0,"y":8,"id":18,"info":"Cramp","savedValue":"SPASM","desc":"Cramp","meta":"     "},{"word":"helix","x":2,"y":8,"id":19,"info":"Whorl, spiral","savedValue":"HELIX","desc":"Whorl, spiral","meta":"     "},{"word":"saint","x":8,"y":8,"id":20,"info":"Canonised person","savedValue":"SAINT","desc":"Canonised person","meta":"     "}],"hints":0,"isNew":false,"isSolved":true,"name":"63","percentage":100,"seconds":510,"solvedCount":25}