{"words_hor":[{"word":"artery","x":0,"y":0,"id":1,"info":"Blood vessel","savedValue":"ARTERY","desc":"Blood vessel","meta":"      "},{"word":"pentup","x":7,"y":0,"id":4,"info":"Repressed","savedValue":"   T  ","desc":"Repressed","meta":"      "},{"word":"bolster","x":0,"y":2,"id":9,"info":"Long pillow","savedValue":"B L   R","desc":"Long pillow","meta":"       "},{"word":"inhabit","x":6,"y":3,"id":10,"info":"Occupy","savedValue":"INHABIT","desc":"Occupy","meta":"       "},{"word":"rusty","x":0,"y":4,"id":11,"info":"Corroded","savedValue":"RUSTY","desc":"Corroded","meta":"     "},{"word":"sable","x":8,"y":5,"id":12,"info":"Animal prized for its fur","savedValue":"  B  ","desc":"Animal prized for its fur","meta":"     "},{"word":"pulse","x":4,"y":6,"id":14,"info":"Heartbeat","savedValue":"PULSE","desc":"Heartbeat","meta":"     "},{"word":"santa","x":0,"y":7,"id":15,"info":"Father Christmas","savedValue":"SANTA","desc":"Father Christmas","meta":"     "},{"word":"swede","x":8,"y":8,"id":17,"info":"Root vegetable","savedValue":"  E  ","desc":"Root vegetable","meta":"     "},{"word":"confide","x":0,"y":9,"id":18,"info":"Confer a trust upon","savedValue":"CONFIDE","desc":"Confer a trust upon","meta":"       "},{"word":"airport","x":6,"y":10,"id":20,"info":"Aerodrome","savedValue":"AIRPORT","desc":"Aerodrome","meta":"       "},{"word":"direct","x":0,"y":12,"id":21,"info":"Command with authority","savedValue":"DIRECT","desc":"Command with authority","meta":"      "},{"word":"fetter","x":7,"y":12,"id":22,"info":"Shackle","savedValue":"   T  ","desc":"Shackle","meta":"      "}],"words_ver":[{"word":"auburn","x":0,"y":0,"id":1,"info":"Brownish hair colour","savedValue":"AUBURN","desc":"Brownish hair colour","meta":"      "},{"word":"talisman","x":2,"y":0,"id":2,"info":"Lucky charm","savedValue":"TALISMAN","desc":"Lucky charm","meta":"        "},{"word":"ratty","x":4,"y":0,"id":3,"info":"Irritable, peevish","savedValue":"R   Y","desc":"Irritable, peevish","meta":"     "},{"word":"enthuse","x":8,"y":0,"id":5,"info":"Cause to feel excited","savedValue":"   H  E","desc":"Cause to feel excited","meta":"       "},{"word":"tomb","x":10,"y":0,"id":6,"info":"Grave","savedValue":"TOMB","desc":"Grave","meta":"    "},{"word":"pestle","x":12,"y":0,"id":7,"info":"Tool used with a mortar","savedValue":"   T  ","desc":"Tool used with a mortar","meta":"      "},{"word":"pricklypear","x":6,"y":1,"id":8,"info":"Cacti having spiny flat joints and edible oval fruit (7,4)","savedValue":"PRICKLYPEAR","desc":"Cacti having spiny flat joints and edible oval fruit (7,4)","meta":"           "},{"word":"barefoot","x":10,"y":5,"id":13,"info":"Without shoes","savedValue":"BAREFOOT","desc":"Without shoes","meta":"        "},{"word":"pacific","x":4,"y":6,"id":14,"info":"World's largest ocean","savedValue":"PACIFIC","desc":"World's largest ocean","meta":"       "},{"word":"second","x":0,"y":7,"id":15,"info":"One sixtieth of a minute","savedValue":"SECOND","desc":"One sixtieth of a minute","meta":"      "},{"word":"pewter","x":12,"y":7,"id":16,"info":"Alloy of tin and lead","savedValue":"   T  ","desc":"Alloy of tin and lead","meta":"      "},{"word":"scree","x":8,"y":8,"id":17,"info":"Stony hillside","savedValue":"  R  ","desc":"Stony hillside","meta":"     "},{"word":"near","x":2,"y":9,"id":19,"info":"Approach","savedValue":"NEAR","desc":"Approach","meta":"    "}],"hints":0,"isNew":false,"isSolved":false,"name":"64","percentage":61,"seconds":571,"solvedCount":16}