{"words_hor":[{"word":"shanty","x":0,"y":0,"id":1,"info":"Sailors' rhythmical work song","savedValue":"SHANTY","desc":"Sailors' rhythmical work song","meta":"      "},{"word":"suffer","x":7,"y":0,"id":4,"info":"Put up with something unpleasant","savedValue":"SUFFER","desc":"Put up with something unpleasant","meta":"      "},{"word":"amazed","x":0,"y":2,"id":7,"info":"Astonished","savedValue":"AMAZED","desc":"Astonished","meta":"      "},{"word":"enforced","x":5,"y":3,"id":9,"info":"Ensured observance of laws","savedValue":"ENFORCED","desc":"Ensured observance of laws","meta":"        "},{"word":"fees","x":0,"y":4,"id":11,"info":"Professional charges","savedValue":"FEES","desc":"Professional charges","meta":"    "},{"word":"unclear","x":3,"y":5,"id":14,"info":"Ambiguous","savedValue":"UNCLEAR","desc":"Ambiguous","meta":"       "},{"word":"aids","x":0,"y":6,"id":15,"info":"Gives assistance","savedValue":"AIDS","desc":"Gives assistance","meta":"    "},{"word":"alto","x":9,"y":6,"id":16,"info":"High male voice","savedValue":"ALTO","desc":"High male voice","meta":"    "},{"word":"primped","x":3,"y":7,"id":17,"info":"Groomed with elaborate care","savedValue":"PRIMPED","desc":"Groomed with elaborate care","meta":"       "},{"word":"each","x":9,"y":8,"id":18,"info":"Every one","savedValue":"EACH","desc":"Every one","meta":"    "},{"word":"narcotic","x":0,"y":9,"id":21,"info":"Drug that produces numbness or stupor","savedValue":"NARCOTIC","desc":"Drug that produces numbness or stupor","meta":"        "},{"word":"tuvalu","x":7,"y":10,"id":22,"info":"Group of coral islands in Polynesia","savedValue":"TUVALU","desc":"Group of coral islands in Polynesia","meta":"      "},{"word":"tannin","x":0,"y":12,"id":24,"info":"Substance found in tea","savedValue":"TANNIN","desc":"Substance found in tea","meta":"      "},{"word":"caress","x":7,"y":12,"id":25,"info":"Stroke lovingly","savedValue":"CARESS","desc":"Stroke lovingly","meta":"      "}],"words_ver":[{"word":"scarf","x":0,"y":0,"id":1,"info":"Outwear garment","savedValue":"SCARF","desc":"Outwear garment","meta":"     "},{"word":"agape","x":2,"y":0,"id":2,"info":"Wide open","savedValue":"AGAPE","desc":"Wide open","meta":"     "},{"word":"tee","x":4,"y":0,"id":3,"info":"Golfing device","savedValue":"TEE","desc":"Golfing device","meta":"   "},{"word":"selfrespect","x":7,"y":0,"id":4,"info":"Dignity, esteem for one's own person (4-7)","savedValue":"SELFRESPECT","desc":"Dignity, esteem for one's own person (4-7)","meta":"           "},{"word":"fairtrade","x":9,"y":0,"id":5,"info":"Commerce which satisfies certain criteria on the supply chain of the good involved (4,5)","savedValue":"FAIRTRADE","desc":"Commerce which satisfies certain criteria on the supply chain of the good involved (4,5)","meta":"         "},{"word":"raid","x":12,"y":0,"id":6,"info":"Sudden attack","savedValue":"RAID","desc":"Sudden attack","meta":"    "},{"word":"description","x":5,"y":2,"id":8,"info":"Statement that represents something in words","savedValue":"DESCRIPTION","desc":"Statement that represents something in words","meta":"           "},{"word":"emetic","x":11,"y":3,"id":10,"info":"Medicine that induces vomiting","savedValue":"EMETIC","desc":"Medicine that induces vomiting","meta":"      "},{"word":"enigma","x":1,"y":4,"id":12,"info":"Brain-teaser","savedValue":"ENIGMA","desc":"Brain-teaser","meta":"      "},{"word":"suspicion","x":3,"y":4,"id":13,"info":"Doubt about someone's honesty","savedValue":"SUSPICION","desc":"Doubt about someone's honesty","meta":"         "},{"word":"adage","x":10,"y":8,"id":19,"info":"Condensed but memorable saying","savedValue":"ADAGE","desc":"Condensed but memorable saying","meta":"     "},{"word":"hours","x":12,"y":8,"id":20,"info":"Divisions of a day","savedValue":"HOURS","desc":"Divisions of a day","meta":"     "},{"word":"neat","x":0,"y":9,"id":21,"info":"Clean or orderly","savedValue":"NEAT","desc":"Clean or orderly","meta":"    "},{"word":"usa","x":8,"y":10,"id":23,"info":"Large nation (inits)","savedValue":"USA","desc":"Large nation (inits)","meta":"   "}],"hints":0,"isNew":false,"isSolved":true,"name":"7","percentage":100,"seconds":1154,"solvedCount":28}