{"words_hor":[{"word":"gasoline","x":0,"y":0,"id":1,"info":"Type of fuel","savedValue":"GASOLINE","desc":"Type of fuel","meta":"        "},{"word":"abet","x":9,"y":0,"id":5,"info":"Assist in doing wrong","savedValue":"ABET","desc":"Assist in doing wrong","meta":"    "},{"word":"agitates","x":0,"y":2,"id":8,"info":"Stirs up","savedValue":"AGITATES","desc":"Stirs up","meta":"        "},{"word":"depress","x":6,"y":3,"id":10,"info":"Push down","savedValue":"DEPRESS","desc":"Push down","meta":"       "},{"word":"elude","x":0,"y":4,"id":11,"info":"Dodge","savedValue":"ELUDE","desc":"Dodge","meta":"     "},{"word":"sacrifice","x":4,"y":5,"id":12,"info":"Ritual killing","savedValue":"SACRIFICE","desc":"Ritual killing","meta":"         "},{"word":"castanets","x":0,"y":7,"id":15,"info":"Percussion instrument consisting of a pair of hollow pieces of wood","savedValue":"CASTANETS","desc":"Percussion instrument consisting of a pair of hollow pieces of wood","meta":"         "},{"word":"poise","x":8,"y":8,"id":18,"info":"Balance","savedValue":"POISE","desc":"Balance","meta":"     "},{"word":"ammonia","x":0,"y":9,"id":19,"info":"Pungent gas","savedValue":"AMMONIA","desc":"Pungent gas","meta":"       "},{"word":"elongate","x":5,"y":10,"id":22,"info":"Stretch out","savedValue":"ELONGATE","desc":"Stretch out","meta":"        "},{"word":"seat","x":0,"y":12,"id":23,"info":"Chair","savedValue":"SEAT","desc":"Chair","meta":"    "},{"word":"sculptor","x":5,"y":12,"id":24,"info":"Artist who carves in stone","savedValue":"SCULPTOR","desc":"Artist who carves in stone","meta":"        "}],"words_ver":[{"word":"gravel","x":0,"y":0,"id":1,"info":"Rock fragments and pebbles","savedValue":"GRAVEL","desc":"Rock fragments and pebbles","meta":"      "},{"word":"stimulus","x":2,"y":0,"id":2,"info":"Act intended to arouse  action","savedValue":"STIMULUS","desc":"Act intended to arouse  action","meta":"        "},{"word":"leaves","x":4,"y":0,"id":3,"info":"Exits","savedValue":"LEAVES","desc":"Exits","meta":"      "},{"word":"need","x":6,"y":0,"id":4,"info":"Necessitate","savedValue":"NEED","desc":"Necessitate","meta":"    "},{"word":"bike","x":10,"y":0,"id":6,"info":"Motorcycle","savedValue":"BIKE","desc":"Motorcycle","meta":"    "},{"word":"tussle","x":12,"y":0,"id":7,"info":"Disorderly fighting","savedValue":"TUSSLE","desc":"Disorderly fighting","meta":"      "},{"word":"secret","x":7,"y":2,"id":9,"info":"Clandestine","savedValue":"SECRET","desc":"Clandestine","meta":"      "},{"word":"auntie","x":5,"y":5,"id":13,"info":"Uncle's wife","savedValue":"AUNTIE","desc":"Uncle's wife","meta":"      "},{"word":"irritant","x":10,"y":5,"id":14,"info":"Something that causes annoyance","savedValue":"IRRITANT","desc":"Something that causes annoyance","meta":"        "},{"word":"crafts","x":0,"y":7,"id":15,"info":"Skilled trades","savedValue":"CRAFTS","desc":"Skilled trades","meta":"      "},{"word":"spinal","x":8,"y":7,"id":16,"info":"Relating to the backbone","savedValue":"SPINAL","desc":"Relating to the backbone","meta":"      "},{"word":"meteor","x":12,"y":7,"id":17,"info":"Shooting star","savedValue":"METEOR","desc":"Shooting star","meta":"      "},{"word":"mica","x":2,"y":9,"id":20,"info":"Aluminium silicate mineral","savedValue":"MICA","desc":"Aluminium silicate mineral","meta":"    "},{"word":"alec","x":6,"y":9,"id":21,"info":"Boy's name","savedValue":"ALEC","desc":"Boy's name","meta":"    "}],"hints":0,"isNew":false,"isSolved":true,"name":"8","percentage":100,"seconds":1419,"solvedCount":26}