{"words_hor":[{"word":"smoking","x":6,"y":0,"id":4,"info":"Giving off fumes caused by combustion","savedValue":"SMOKING","desc":"Giving off fumes caused by combustion","meta":"       "},{"word":"orate","x":0,"y":1,"id":8,"info":"Give a speech","savedValue":"ORATE","desc":"Give a speech","meta":"     "},{"word":"stagename","x":4,"y":2,"id":9,"info":"Pseudonym of an actor (5,4)","savedValue":"STAGENAME","desc":"Pseudonym of an actor (5,4)","meta":"         "},{"word":"bidet","x":0,"y":3,"id":10,"info":"Bathroom fixture","savedValue":"BIDET","desc":"Bathroom fixture","meta":"     "},{"word":"speedboat","x":4,"y":4,"id":11,"info":"Fast vehicle for travelling on water","savedValue":"SPEEDBOAT","desc":"Fast vehicle for travelling on water","meta":"         "},{"word":"summon","x":0,"y":6,"id":13,"info":"Convene","savedValue":"SUMMON","desc":"Convene","meta":"      "},{"word":"teaser","x":7,"y":6,"id":16,"info":"Perplexing riddle","savedValue":"TEASER","desc":"Perplexing riddle","meta":"      "},{"word":"toadstool","x":0,"y":8,"id":20,"info":"Inedible mushroom","savedValue":"TOADSTOOL","desc":"Inedible mushroom","meta":"         "},{"word":"agree","x":8,"y":9,"id":23,"info":"Acquiesce","savedValue":"AGREE","desc":"Acquiesce","meta":"     "},{"word":"whitelies","x":0,"y":10,"id":24,"info":"Prevarications(5,4)","savedValue":"WHITELIES","desc":"Prevarications(5,4)","meta":"         "},{"word":"sinus","x":8,"y":11,"id":25,"info":"Air cavity in the skull","savedValue":"SINUS","desc":"Air cavity in the skull","meta":"     "},{"word":"respect","x":0,"y":12,"id":26,"info":"Look up to","savedValue":"RESPECT","desc":"Look up to","meta":"       "}],"words_ver":[{"word":"doubles","x":0,"y":0,"id":1,"info":"Duplicates","savedValue":"DOUBLES","desc":"Duplicates","meta":"       "},{"word":"eardrum","x":2,"y":0,"id":2,"info":"Tympanic membrane","savedValue":"EARDRUM","desc":"Tympanic membrane","meta":"       "},{"word":"rests","x":4,"y":0,"id":3,"info":"Relaxes","savedValue":"RESTS","desc":"Relaxes","meta":"     "},{"word":"scared","x":6,"y":0,"id":4,"info":"Afraid","savedValue":"SCARED","desc":"Afraid","meta":"      "},{"word":"overdue","x":8,"y":0,"id":5,"info":"Not at the scheduled time","savedValue":"OVERDUE","desc":"Not at the scheduled time","meta":"       "},{"word":"imago","x":10,"y":0,"id":6,"info":"Adult insect produced after metamorphosis","savedValue":"IMAGO","desc":"Adult insect produced after metamorphosis","meta":"     "},{"word":"great","x":12,"y":0,"id":7,"info":"Magnificent","savedValue":"GREAT","desc":"Magnificent","meta":"     "},{"word":"ale","x":11,"y":4,"id":12,"info":"Alcoholic beverage","savedValue":"ALE","desc":"Alcoholic beverage","meta":"   "},{"word":"ufo","x":1,"y":6,"id":14,"info":"Vehicle from another world (inits)","savedValue":"UFO","desc":"Vehicle from another world (inits)","meta":"   "},{"word":"obscene","x":4,"y":6,"id":15,"info":"Lewd","savedValue":"OBSCENE","desc":"Lewd","meta":"       "},{"word":"soprano","x":10,"y":6,"id":17,"info":"Highest female voice","savedValue":"SOPRANO","desc":"Highest female voice","meta":"       "},{"word":"reverse","x":12,"y":6,"id":18,"info":"Go backwards","savedValue":"REVERSE","desc":"Go backwards","meta":"       "},{"word":"forint","x":6,"y":7,"id":19,"info":"Basic unit of money in Hungary","savedValue":"FORINT","desc":"Basic unit of money in Hungary","meta":"      "},{"word":"tower","x":0,"y":8,"id":20,"info":"Structure taller than its diameter","savedValue":"TOWER","desc":"Structure taller than its diameter","meta":"     "},{"word":"amiss","x":2,"y":8,"id":21,"info":"Haywire","savedValue":"AMISS","desc":"Haywire","meta":"     "},{"word":"lasso","x":8,"y":8,"id":22,"info":"Noosed rope","savedValue":"LASSO","desc":"Noosed rope","meta":"     "}],"hints":0,"isNew":false,"isSolved":true,"name":"9","percentage":100,"seconds":1102,"solvedCount":28}